track_id,name,album,artist,release_date,length,popularity,acousticness,danceability,energy,instrumentalness,liveness,loudness,speechiness,tempo,time_signature
0BQW5N0eR3GAJtMBwScrl7,Can't We,Mantra,Tyde,2021-04-30,235213,17,0.762,0.751,0.387,0.853,0.105,-11.283,0.113,84.025,4
5nIAEnPy07UOs72COO9Imt,Work,Work,Bohkeh,2020-12-14,149052,19,0.244,0.624,0.508,0.872,0.395,-3.748,0.224,95.283,4
1v164PYfudygCnpDqhMahV,gold dust,missed calls,53 Thieves,2020-11-20,230117,34,0.166,0.673,0.435,0.0448,0.0467,-14.09,0.0704,85.055,4
3f9Mzvd3URfbbIJBX4pz9Z,Phone Numbers,Phone Numbers,Dominic Fike,2019-07-04,146826,75,0.239,0.884,0.539,0.0,0.0805,-6.389,0.208,85.008,4
6w2WWyBAOXQeP6waVT9s5O,Deep End,Deep End,BenjiFlow,2018-10-30,202360,47,0.146,0.533,0.622,0.114,0.118,-5.77,0.072,99.93,4
71ySrfAppuaI2p873viZJl,Golden,GOLD,Le Mav,2019-12-13,149153,29,0.284,0.64,0.626,0.0,0.178,-8.674,0.216,98.01,4
4p8Hbw6wPv0u0w7LFj8n78,Lemonade,Lemonade,Ria Sean,2021-05-27,154932,51,0.157,0.843,0.406,0.543,0.248,-7.073,0.124,93.026,4
54I1dC6Ux5I4h7U44DmjgK,Coconut Water,Coconut Water,Nia Sultana,2019-09-12,180705,46,0.0876,0.724,0.432,3.22e-05,0.0828,-9.945,0.203,84.992,4
1LeWbMBUT2sr141p8sJZro,Jo,Rave & Roses,Rema,2022-03-25,187562,40,0.463,0.507,0.774,0.00125,0.281,-5.326,0.113,138.117,5
7ycZN2o5PMNuTkUg2Q73wN,Wide Open (feat. Ta-ku & Masego) - Cabu & Ta-ku Remix,Wide Open (feat. Ta-ku & Masego) [Cabu & Ta-ku Remix],Various Artists,2021-09-17,178742,46,0.0872,0.73,0.555,0.000492,0.143,-7.874,0.106,100.007,4
75DQsEq5OU4QkQFOVIFk4C,Strawberry Moon,Strawberry Moon,J Warner,2019-06-28,204896,17,0.837,0.43,0.287,0.0305,0.115,-13.719,0.211,207.585,4
0cj7s0kGaVmFPWP898eTbx,Angele Ni Fie,Fufu & Grits,Juls,2020-05-28,202434,42,0.19,0.801,0.664,0.779,0.0697,-9.627,0.0422,114.986,4
7xAE36UUNgyDJDIM4yiucY,Be Your Girl (Kaytranada Edition),Be Your Girl (Kaytranada Edition),Teedra Moses,2018-05-04,268087,71,0.214,0.866,0.679,4.8e-06,0.101,-6.74,0.388,115.015,4
319xYgRF9JFpGLTtiCDhC7,Trouble,Pioneers,DRB Lasgidi,2020-05-01,194594,60,0.0194,0.825,0.738,0.0,0.294,-5.612,0.166,110.906,4
3KrVFrFJbPhdjfmc8EmBVa,Beat of Africa,The Healers: The Last Chapter,Black Motion,2020-09-24,413000,22,0.0608,0.74,0.703,0.821,0.307,-7.055,0.0807,99.961,4
2NxhengOMMBHTiayIlrYB7,Always With Me,Always With Me,Nobuhle,2020-06-16,284898,18,0.0122,0.648,0.616,0.0269,0.0902,-8.148,0.0341,106.023,4
1ePHqUkosKq7ZgQMz655Cw,Heat,GOLD,Le Mav,2019-12-13,200940,41,0.69,0.714,0.482,2.01e-05,0.266,-6.884,0.0736,97.044,4
0dFdGPVLs3k0z9ezYWZzUa,Intimidated (feat. H.E.R.),Intimidated,KAYTRANADA,2021-11-19,207840,75,0.0167,0.738,0.75,0.00976,0.174,-3.654,0.219,112.009,4
1lFz7QPoxqBdUV4iugS3MX,The Light,Wonder Where We Land,SBTRKT,2014-09-29,186436,40,0.14,0.663,0.42,0.0161,0.111,-11.616,0.0455,122.026,4
7vBEx9HgiEJDMwougw5bsa,Honey - Medasin Remix,Honey Remixed,KUČKA,2016-04-06,230958,56,0.722,0.447,0.715,0.000145,0.128,-6.616,0.495,98.015,4
5qcwzdhDQjHjmu12gOLjY0,You,Pronounced McGee,Mk.gee,2018-05-18,310597,53,0.526,0.808,0.657,0.00444,0.075,-6.67,0.298,88.932,4
328rLNs6WQPOlFSPpIUy7E,Heavenly Mother,Lost In June - EP,Pip Millett,2020-04-10,239767,57,0.14,0.871,0.397,0.0196,0.0681,-7.872,0.394,88.167,4
6RQ0i7rApnnWSI8uEiGVVF,Why Don't You,Rose in the Dark,Cleo Sol,2020-03-27,228990,66,0.136,0.43,0.592,0.0905,0.112,-7.55,0.15,54.585,4
4SBVWkRIMJ6WBCYPvr5Bwr,Make It Better (feat. Smokey Robinson),Ventura,Anderson .Paak,2019-04-12,219332,66,0.0112,0.676,0.56,0.00403,0.137,-6.024,0.0643,178.555,4
5jATtrFA8ToejRtQqoS5fi,All for You,All for You,Wade,2018-04-03,198832,46,0.316,0.437,0.379,0.553,0.0986,-13.439,0.341,172.929,4
5GjisoOfsN8qagrax01T4y,Wanna Be,Hive Mind,The Internet,2018-07-20,267400,51,0.0674,0.875,0.41,0.0374,0.106,-6.29,0.0571,87.999,4
1zwZ26A7OA5wTrA3FejCLL,Monalisa,LV N ATTN,Lojay,2021-06-04,213991,67,0.0813,0.827,0.705,0.00556,0.102,-6.756,0.0429,113.006,4
5tkR9JkBj3Ueeo8W4k8IZD,Queen Tings,Lady Lady,Masego,2018-09-07,188053,64,0.598,0.818,0.461,0.000135,0.108,-6.475,0.292,88.006,4
07hRkwrgPOZwugVBna4JTv,WASTING MY TIME (feat. Zilo),GEMS IN THE CORNERSTORE,Elujay,2020-12-03,175767,45,0.423,0.46,0.378,0.000731,0.104,-10.1,0.0708,76.408,4
0Lgk4pD3Y0iE9w2xDilhjj,Spread Too Thin (feat. Lindsay Olsen),Manj,Joomanji,2013-02-01,285669,49,0.728,0.405,0.456,0.6,0.375,-9.498,0.157,87.721,4
5MChi9fdCbTIWDJPPUuuW6,Beautiful Escape,Beat Tape 2,Tom Misch,2015-08-28,276785,64,0.0684,0.944,0.514,0.00209,0.103,-7.895,0.195,120.004,4
19FcrKMpCp4bZOxcPkTMsZ,Sparky,Mandy & The Jungle,Cruel Santino,2019-05-17,144000,49,0.851,0.666,0.42,0.534,0.11,-6.699,0.0829,133.015,5
4jFkHxFXHC0mJVZm7QwK6C,Feel It Still - Medasin Remix,Feel It Still (The Remixes),Portugal. The Man,2017-11-03,194434,42,0.553,0.568,0.463,0.00114,0.0858,-10.622,0.262,157.686,4
0MURF0yjHOChxkrlUrLQWk,Maria,Mandy & The Jungle,Cruel Santino,2019-05-17,134000,40,0.456,0.66,0.689,0.000381,0.0886,-5.063,0.151,194.056,4
26AI33STXsKwtuV9hmzDPG,star signs,rare.,Odunsi (The Engine),2018-10-12,179852,47,0.367,0.543,0.739,0.199,0.121,-6.008,0.0623,199.974,4
5g6uznSOJ446jA1UZ76D69,Marry Me - Edit,Marry Me (Edit) (feat. Msaki),Black Motion,2020-08-28,287901,19,0.22,0.671,0.873,0.338,0.0932,-6.915,0.0583,114.937,4
7BBPfDLjooHAEAQiIOz8HI,I Rise - Radio Edit,I Rise (Radio Edit) (feat. Msaki),Black Motion,2019-06-21,236170,31,0.024,0.753,0.747,0.0388,0.176,-8.66,0.0523,125.012,4
3JpoM324kjnJDrjCXTFiqP,Yes You Do,Re Mmino,Prince Kaybee,2019-03-08,346310,21,0.00227,0.841,0.535,0.237,0.0943,-9.137,0.067,123.025,4
4dAJrbncWn7odU6KKwkZGV,Angelina,Colour,Juls,2019-07-26,212623,42,0.0242,0.66,0.618,1.33e-06,0.121,-7.632,0.149,102.657,4
3PFaFVWq5wucLu6s4baj9D,Girl (feat. KAYTRANADA),Ego Death,The Internet,2015-06-26,415613,69,0.536,0.568,0.42,0.124,0.101,-11.169,0.276,79.89,4
67sHZvyNVEP6JIpiCJznsZ,Sweet Holy Honey,In The Comfort Of,Sango,2018-03-16,225296,41,0.61,0.623,0.475,0.00264,0.265,-10.06,0.0735,145.027,4
1AQtWYUKvPw5wYThfi5Uyo,Baby,Soulection White Label - Monte Booker,monte booker,2016-06-29,186647,37,0.0371,0.883,0.385,0.000223,0.284,-13.965,0.252,120.94,4
4IOYk6epkzXT38U4ShauZ6,Kolors,Soulection White Label - Monte Booker,monte booker,2016-06-29,177855,57,0.263,0.718,0.403,1.56e-06,0.228,-11.064,0.205,129.582,4
1Z6u99PTG9w2t4mcIGoqqS,You and Me,Souls,Shallou,2018-04-27,234239,53,0.285,0.648,0.559,0.103,0.116,-8.424,0.128,113.054,4
1MD2yGSeBRALkMui1fZ05P,anemone,fabulist,slenderbodies,2017-04-12,228061,60,0.884,0.854,0.631,0.00999,0.202,-8.197,0.0452,119.986,4
60y3oBiHHIlOzUFZRWP6Ak,DYSFUNCTIONAL,DYSFUNCTIONAL,KAYTRANADA,2019-04-10,240757,55,0.00113,0.808,0.805,0.0585,0.193,-3.392,0.103,107.965,4
7tk9ZylxkJReNIavPPhqzj,Suzanna,Suzanna,Sauti Sol,2020-02-07,231176,42,0.329,0.796,0.786,2.88e-06,0.102,-5.702,0.049,101.996,4
7blHE1ssculA05pENkKaoZ,body count,EVERYTHING YOU HEARD IS TRUE,Odunsi (The Engine),2020-05-13,151486,46,0.0202,0.92,0.605,0.00441,0.147,-6.873,0.19,97.005,4
3z7BTaXr5U273eXviBVcuy,When It's Over,Amber Olivier,Amber Olivier,2018-02-16,147100,35,0.538,0.73,0.599,0.00774,0.153,-5.764,0.127,92.035,4
1RHFgbaMxkM3dVYHBrg7Me,Rapid Fire,Mandy & The Jungle,Cruel Santino,2019-05-17,192000,52,0.857,0.789,0.617,0.0248,0.111,-6.007,0.0934,90.082,4
1VFr2wpUYKHrB0my1myhTJ,Go Outside,Free,Nonso Amadi,2019-08-09,193893,31,0.59,0.729,0.53,1.01e-06,0.0825,-6.644,0.133,106.795,4
03JO5cdd662kYtWibDsFg8,Work 'N' Grind,CITIZEN OF THE WORLD,King Perryy,2021-04-28,202500,38,0.224,0.772,0.584,0.00287,0.0904,-6.179,0.102,95.951,4
70kcyUtKiW35JxLa1hnwSJ,Show Your Color,Serenade,Funbi,2018-11-04,197326,34,0.664,0.726,0.348,0.000245,0.164,-7.737,0.13,102.013,4
4juCGGRuzfvZGlu1D2FvzJ,Ala,Ala,Solidstar,2020-02-21,166635,19,0.0377,0.639,0.713,0.00404,0.148,-3.837,0.0716,188.127,4
319xYgRF9JFpGLTtiCDhC7,Trouble,Pioneers,DRB Lasgidi,2020-05-01,194594,60,0.0194,0.825,0.738,0.0,0.294,-5.612,0.166,110.906,4
42KrZrk0IG0zFPzVkRNqh0,These Days,These Days,Tems,2020-05-19,172000,61,0.716,0.536,0.51,1.2e-05,0.0964,-8.809,0.152,159.965,4
5EIVA0ZDr605FzZpnskzBc,Tropicana Fruit Juice,Late Night Vibrations,Ycee,2018-02-01,245874,49,0.416,0.821,0.38,2.53e-05,0.0952,-7.989,0.0502,95.004,4
1ePHqUkosKq7ZgQMz655Cw,Heat,GOLD,Le Mav,2019-12-13,200940,41,0.69,0.714,0.482,2.01e-05,0.266,-6.884,0.0736,97.044,4
5NT67c2bpzilrBSc73JEoc,wys?,Insert Project Name,AYLØ,2017-09-22,165333,48,0.578,0.924,0.579,0.000808,0.0859,-8.115,0.429,120.055,3
2xevjnP2BeD0EdqpkrDHZT,Gyrate!,Gyrate!,GJtheCaesar,2020-05-10,191555,32,0.18,0.75,0.739,0.000474,0.129,-7.039,0.229,104.007,4
19FcrKMpCp4bZOxcPkTMsZ,Sparky,Mandy & The Jungle,Cruel Santino,2019-05-17,144000,49,0.851,0.666,0.42,0.534,0.11,-6.699,0.0829,133.015,5
6gHUiXF4BiJ9d7biTNmdKR,The Mood,Chulo Vibes,Timaya,2019-02-08,161684,62,0.307,0.607,0.586,1.51e-06,0.287,-5.698,0.15,126.715,5
6AxDznMdamFBbRw8LAGWQd,Feel Free - Blue Canariñho Remix,Feel Free (Blue Canariñho Remix),CassKidd,2020-09-11,192428,42,0.185,0.815,0.767,0.00675,0.109,-5.011,0.135,140.009,4
4e0nFC5a95gFWJUzrQ8ggy,THIS SH!T,THIS SH!T,AYLØ,2020-05-01,170217,48,0.649,0.67,0.614,0.00579,0.119,-7.623,0.3,183.851,4
6l5WDlZzjAXWEA47969TXI,Soweto Blues,Soweto Blues,Juls,2020-03-27,298997,53,0.00167,0.863,0.449,0.0235,0.0585,-12.521,0.0622,112.043,4
5JayOLFuofunaBCIjissQL,Dangerous Love,Dangerous Love,Tiwa Savage,2020-07-08,194586,39,0.153,0.583,0.776,1.08e-06,0.136,-5.102,0.121,193.936,4
26AI33STXsKwtuV9hmzDPG,star signs,rare.,Odunsi (The Engine),2018-10-12,179852,47,0.367,0.543,0.739,0.199,0.121,-6.008,0.0623,199.974,4
0BVaNH5prNNveWy81VIC6S,Maluco,Da Rocinha 2,Sango,2014-01-23,243367,44,0.0544,0.89,0.758,0.00454,0.123,-7.987,0.23,143.97,4
5lF0OJHp09PfZofnC9ZrBH,'00 Nostalgia,Mango Juice & Bad Decisions,Ayüü,2018-10-02,161828,47,0.555,0.561,0.307,0.00663,0.127,-13.394,0.283,95.035,4
2PyJgiGTC2jhNkqtPBwHsv,Raw Dinner,Mandy & The Jungle,Cruel Santino,2019-05-17,143569,43,0.714,0.603,0.433,0.0407,0.105,-5.935,0.338,63.545,5
3teVlSIOsmB9HYbOHqAKRV,GHOST TOWN,AFROSOUL,WurlD,2020-05-15,197327,37,0.394,0.698,0.609,0.00292,0.678,-5.658,0.208,79.028,4
1wfIqsTXmMVtZxYk8uWxGa,AWAY,AWAY,Oxlade,2020-03-27,164571,62,0.23,0.726,0.71,0.302,0.0922,-8.316,0.191,104.83,4
3owm3LW9jSaF0UjULZvGJw,Tropicana,Palmwine Music 2,Show Dem Camp,2018-10-15,255157,49,0.454,0.79,0.631,9.07e-05,0.167,-8.557,0.25,95.005,4
3hr4lwTXMCFKIH5KOSoXQ5,Alakori,Alakori,Falz,2019-06-07,215700,44,0.497,0.856,0.649,0.00191,0.17,-4.679,0.213,99.969,4
6MzjLOHzkqoi7667ysz41k,Koroba,Koroba,Tiwa Savage,2020-08-06,156454,49,0.358,0.85,0.645,1.12e-05,0.09,-6.302,0.0611,104.022,4
6VeC3aMLLOoSIR4UZ0d0hc,GOLD BUDDHA (feat. Foggieraw),GEMS IN THE CORNERSTORE,Elujay,2020-12-03,241081,29,0.129,0.776,0.57,0.000411,0.113,-9.454,0.298,143.992,4
6rB1KkvMlXl5hPB7EbTWw5,Wetin Dey,Better Days / Wetin Dey,Odunsi (The Engine),2019-08-09,146447,47,0.086,0.733,0.757,0.000596,0.096,-5.141,0.114,192.001,4
7Moq2DLFyS8e1IVl35nAR3,Make Sense,After Dark,Skillz 8figure,2021-03-10,176400,18,0.421,0.584,0.762,0.609,0.0871,-7.289,0.101,199.988,4
0MURF0yjHOChxkrlUrLQWk,Maria,Mandy & The Jungle,Cruel Santino,2019-05-17,134000,40,0.456,0.66,0.689,0.000381,0.0886,-5.063,0.151,194.056,4
2PKRz9DR6lUX6zAJgW5aRV,Before You Wake Up,Before You Wake Up,Adekunle Gold,2019-03-01,174500,48,0.499,0.629,0.821,0.0,0.411,-3.4,0.17,63.59,5
3RUQ8Lu7yR9FXUkwKTDJKA,Best Friend,Are You Even Listening?,FRITOGANG,2018-06-22,229714,42,0.0438,0.802,0.442,0.0,0.12,-13.269,0.129,139.947,4
5qaUDvqjsI6lnrtEhQqMle,JUMPING SHIP,THE ANGEL YOU DON'T KNOW,Amaarae,2020-11-12,201636,50,0.151,0.758,0.601,0.00809,0.169,-7.042,0.141,126.03,4
11RIJRbBfyLlJut96itSFd,Energy (Stay Far Away),Energy (Stay Far Away),Skepta,2018-06-20,199521,68,0.345,0.836,0.614,9.86e-05,0.088,-4.543,0.311,101.97,4
6vdhXHNT6yKhheq7pxw68E,Alté Cruise,rare.,Odunsi (The Engine),2018-10-12,192309,39,0.563,0.89,0.536,0.000859,0.622,-4.794,0.123,95.02,4
0D89NuvkYKIgKTnMGQwPUy,Mixed Signals,Mixed Signals,Fasina,2019-12-06,222315,34,0.576,0.813,0.353,0.779,0.102,-10.626,0.0931,126.604,5
5SyomyWqCVD0UrdEh2IhN9,Baby This Your Body Na Gòbe Fine Fine Sweet Òkpéke,One Day You Will Understand,Mr Eazi,2020-06-10,169959,33,0.735,0.854,0.771,0.155,0.0785,-6.567,0.191,103.051,4
2OJAJkXXfuNHLElpkteLCk,FLEX,FLEX,Knox Brown,2018-09-06,225865,35,0.267,0.834,0.504,0.000534,0.119,-8.671,0.0886,100.011,4
05vU0jW7ZkWiPShxlM0OU7,Freaky,Mandy & The Jungle,Cruel Santino,2019-05-17,256365,45,0.0558,0.493,0.519,0.000137,0.105,-6.35,0.0512,109.637,5
75M9fg6c4JgX96bele7FMk,Softly,Pioneers,DRB Lasgidi,2020-05-01,224516,25,0.343,0.775,0.683,0.00016,0.525,-5.149,0.0405,93.013,4
6CJD4LDNULzE645JA2XHpx,Dumebi,Rema Compilation,Rema,2020-07-10,179775,54,0.202,0.923,0.666,0.00414,0.105,-4.97,0.0609,110.011,4
1FgJkHwXlg6pzYdueugvzB,Again,Again,Wande Coal,2020-02-05,154959,44,0.693,0.796,0.384,0.0,0.1,-10.201,0.237,95.669,4
19l8i6cV0tUIn3ON8duR4r,Too Many Women,Make E No Cause Fight 2,Ajebutter22,2019-11-29,201599,43,0.529,0.739,0.637,5.37e-05,0.172,-6.545,0.26,99.861,4
71ySrfAppuaI2p873viZJl,Golden,GOLD,Le Mav,2019-12-13,149153,29,0.284,0.64,0.626,0.0,0.178,-8.674,0.216,98.01,4
0imwtLGiD7fCyWq7SpslPl,Decided,Decided,Odunsi (The Engine),2020-04-03,180000,54,0.789,0.778,0.413,0.000158,0.106,-7.579,0.0433,96.056,4
3Xfwu3xtPqmJ4nM4jpBm8O,Damages,For Broken Ears,Tems,2020-09-25,169411,71,0.528,0.712,0.497,2.65e-05,0.125,-8.106,0.431,128.385,5
4eaQ1J85a7FE4zjmeWLpUI,Raining Outside,Mandy & The Jungle,Cruel Santino,2019-05-17,142104,40,0.376,0.75,0.502,0.245,0.132,-5.202,0.19,195.957,4
3QO1m6i0nsrp8aOnapvbkx,Blessed (feat. Damian Marley),Made In Lagos,Wizkid,2020-10-29,262973,64,0.0864,0.612,0.651,0.0,0.368,-6.974,0.281,90.272,4
0l854Wl0jJ1jzcFdrgDj9B,Ma Pariwo,Pioneers,DRB Lasgidi,2020-05-01,209126,31,0.109,0.949,0.621,0.000573,0.231,-5.834,0.13,102.985,4
6BtXtwOOy9CfpdlClUscJv,Anybody,Anybody,Burna Boy,2019-06-14,189106,30,0.0127,0.864,0.876,1.74e-05,0.0749,-2.418,0.0646,104.0,4
7jrfqHvcRvJluOlCGJU54G,Blessed,Blessed,Juls,2020-07-10,188307,54,0.143,0.829,0.433,0.00252,0.13,-11.828,0.174,130.051,4
0B3FovCVaGKS5w1FTidEUP,BROWN SKIN GIRL,The Lion King: The Gift,Beyoncé,2019-07-19,248472,65,0.049,0.603,0.602,0.0,0.279,-7.083,0.23,119.703,5
7dhiGKBm2pYVLAW4QF1z1E,The Don,The Don,System.Inc,2021-12-02,174399,35,0.134,0.859,0.768,0.00218,0.103,-8.367,0.255,127.984,4
3hr4lwTXMCFKIH5KOSoXQ5,Alakori,Alakori,Falz,2019-06-07,215700,44,0.497,0.856,0.649,0.00191,0.17,-4.679,0.213,99.969,4
3teVlSIOsmB9HYbOHqAKRV,GHOST TOWN,AFROSOUL,WurlD,2020-05-15,197327,37,0.394,0.698,0.609,0.00292,0.678,-5.658,0.208,79.028,4
7uNhQWkpAerkfGoqWCtfNK,Shayo,Diamond in the Rough,Ceeza Milli,2020-03-25,172427,45,0.691,0.772,0.411,0.000171,0.198,-12.3,0.0622,103.022,4
6vV819M5EoHUM9NGNIi7QV,Check Your Balance,Check Your Balance,Curtis J,2021-01-07,171180,30,0.247,0.797,0.661,0.0127,0.164,-7.167,0.172,108.075,4
6l5WDlZzjAXWEA47969TXI,Soweto Blues,Soweto Blues,Juls,2020-03-27,298997,53,0.00167,0.863,0.449,0.0235,0.0585,-12.521,0.0622,112.043,4
0y7JsPpdF6D75aHOZK998j,Maradona,This Is Me,Niniola,2017-10-30,191191,47,0.0411,0.913,0.642,0.0451,0.106,-6.541,0.0584,117.943,4
4VJ1lumYKZpfOytM15dkE8,Naija Pt. II,Naija Pt. II,Paxe,2019-10-20,190819,41,0.159,0.542,0.723,3.02e-05,0.102,-7.61,0.161,152.09,5
6gHUiXF4BiJ9d7biTNmdKR,The Mood,Chulo Vibes,Timaya,2019-02-08,161684,62,0.307,0.607,0.586,1.51e-06,0.287,-5.698,0.15,126.715,5
7hXYBAMe5r7AyRcmOjSN2Z,Billie Jin,Billie Jin,IDPizzle,2020-05-22,226290,40,0.3,0.799,0.476,0.0,0.101,-10.613,0.222,139.952,4
5EVEYkrTzqm3Q4ZVXXL02n,Cool Me Down (feat. Wizkid),Cool Me Down (feat. Wizkid),DJ Tunez,2020-07-28,208758,55,0.0813,0.783,0.809,0.00358,0.109,-5.689,0.0668,101.043,4
0ibShYbjMMERrW91r5VyoT,Lupita,Roots,NSG,2020-06-19,217733,54,0.324,0.75,0.492,0.000139,0.232,-6.65,0.258,98.173,4
0GScClMG7w5PZ4XCB5ViNu,London,Never Gunna Be the Same,Tomi Agape,2020-12-18,165981,57,0.0902,0.879,0.409,0.0,0.112,-13.801,0.161,99.991,4
5cn8rUjix0GZj4Tkh9TTJZ,Mmayewa,Mmayewa,Juls,2020-10-09,169230,37,0.176,0.834,0.558,1.67e-05,0.0879,-8.274,0.166,116.977,4
1Gce7Qszn5eMZRVGF8nPyF,Ohema,to your ears,Bnxn,2019-10-25,194987,42,0.52,0.912,0.588,0.0402,0.215,-9.555,0.2,95.015,4
4sCCgLTynVgwC5kwEOW1J4,Go Low,ZaZa Vibes,L.A.X,2020-11-25,173635,59,0.394,0.869,0.413,0.154,0.0816,-9.105,0.0604,112.013,4
6CJD4LDNULzE645JA2XHpx,Dumebi,Rema Compilation,Rema,2020-07-10,179775,54,0.202,0.923,0.666,0.00414,0.105,-4.97,0.0609,110.011,4
6K8SmtE4jbK0E0MHOzWIIs,Bebey,Bebey,Keeya Keys,2020-09-04,130946,46,0.0729,0.772,0.681,0.0,0.348,-7.666,0.365,67.451,4
3QO1m6i0nsrp8aOnapvbkx,Blessed (feat. Damian Marley),Made In Lagos,Wizkid,2020-10-29,262973,64,0.0864,0.612,0.651,0.0,0.368,-6.974,0.281,90.272,4
4QjNqkWP7iGoXVB0MvJfLm,Fantasy,Colours and Sounds,Niniola,2020-10-02,176106,31,0.443,0.822,0.734,0.421,0.188,-5.424,0.11,112.344,4
6MzjLOHzkqoi7667ysz41k,Koroba,Koroba,Tiwa Savage,2020-08-06,156454,49,0.358,0.85,0.645,1.12e-05,0.09,-6.302,0.0611,104.022,4
6BtXtwOOy9CfpdlClUscJv,Anybody,Anybody,Burna Boy,2019-06-14,189106,30,0.0127,0.864,0.876,1.74e-05,0.0749,-2.418,0.0646,104.0,4
5EIVA0ZDr605FzZpnskzBc,Tropicana Fruit Juice,Late Night Vibrations,Ycee,2018-02-01,245874,49,0.416,0.821,0.38,2.53e-05,0.0952,-7.989,0.0502,95.004,4
558ULLj8yY2vT8XGtgY0q9,Loading (feat. Bad Boy Timz),Carpe Diem,Olamide,2020-10-07,194000,60,0.0733,0.937,0.797,0.000835,0.147,-4.768,0.206,120.001,4
5SyomyWqCVD0UrdEh2IhN9,Baby This Your Body Na Gòbe Fine Fine Sweet Òkpéke,One Day You Will Understand,Mr Eazi,2020-06-10,169959,33,0.735,0.854,0.771,0.155,0.0785,-6.567,0.191,103.051,4
11RIJRbBfyLlJut96itSFd,Energy (Stay Far Away),Energy (Stay Far Away),Skepta,2018-06-20,199521,68,0.345,0.836,0.614,9.86e-05,0.088,-4.543,0.311,101.97,4
5OIn7xqzMLMnVzhnAQh8Vo,Pressure,Grace,SPINALL,2020-12-11,163480,36,0.318,0.839,0.65,0.455,0.0726,-6.399,0.118,100.021,4
39Gszviht3Apl2z2LeT5WK,Scorpio's Letter (Remix),Scorpio’s Letter (Remix),Taste of Pluto,2020-07-31,176013,39,0.651,0.679,0.452,0.0,0.151,-7.668,0.219,88.007,4
1QPIsbNZiuDv9NBjvkZYNU,Kate Winslet (feat. Unknown T),Kate Winslet (feat. Unknown T),NSG,2020-11-19,231026,49,0.222,0.692,0.677,0.00106,0.0975,-5.792,0.302,101.637,4
4bvwjCHTffafw9tWikB2Jn,Odogwu,Odogwu,Burna Boy,2020-02-27,185993,38,0.686,0.707,0.495,0.000213,0.0611,-9.805,0.138,191.889,4
1yEO37hXfLyKY6WvcciTks,One Trouser,One Trouser,Falz,2020-08-21,226786,26,0.224,0.81,0.673,0.00109,0.112,-6.612,0.207,103.066,4
4Dech2aFB9vMxRFF4rJAM1,Airplane Mode (feat. NSG),Crabs In A Bucket,Nines,2020-08-28,237784,57,0.0343,0.593,0.701,0.0,0.0841,-4.587,0.32,134.814,5
6ZEXpYYjKX33hXjeZK0sNH,If E Happen For Lagos,If E Happen For Lagos,Favour,2020-01-01,211301,45,0.454,0.758,0.755,0.000207,0.0788,-5.631,0.108,92.022,4
2Jy4EdqIZswDZvVDh5dx3A,Dimension (feat. Skepta & Rema),Dimension (feat. Skepta & Rema),JAE5,2021-03-18,234026,62,0.173,0.561,0.722,4.86e-05,0.175,-6.437,0.068,103.099,4
0UYJi0cElsrmNF4iaa1MgM,Woman,Rema Compilation,Rema,2020-07-10,238911,50,0.115,0.84,0.687,2.2e-06,0.115,-7.203,0.1,113.038,4
0LFDKqXO5cxL5HNKjcC2Pw,Why Stress,Roots,NSG,2020-06-19,217533,42,0.225,0.876,0.566,4.38e-06,0.102,-8.95,0.198,100.05,4
1JseAs562lQva7llJ0bibp,Like Tu Danz,Colour,Juls,2019-07-26,209235,47,0.0367,0.691,0.688,0.0,0.0736,-7.698,0.387,101.275,4
6eHqU8ntHGzddACoxlfDX0,Jam (feat. Wizkid),SoundMan Vol. 1,StarBoy,2019-12-06,198678,60,0.0548,0.735,0.761,1.78e-06,0.0482,-4.219,0.0496,94.025,4
5FG7Tl93LdH117jEKYl3Cm,Essence (feat. Tems),Made In Lagos,Wizkid,2020-10-29,248040,76,0.0266,0.849,0.707,8.58e-06,0.618,-6.002,0.113,104.027,4
0u3gigxw11WMwQryCLnXi2,So Lovely,So Lovely,Bnxn,2020-12-02,148000,47,0.0149,0.76,0.794,0.339,0.12,-7.095,0.0783,111.011,4
35056uy2b4M1qJ3Z1ed3sf,Sere,Grace,SPINALL,2020-12-11,185454,68,0.077,0.711,0.679,1.42e-05,0.142,-6.261,0.108,109.971,4
5HKFXkUZGiYknm8fhFkpPE,Ginger Me,Ginger Me,Rema,2020-06-19,205892,41,0.134,0.567,0.577,0.000397,0.145,-7.833,0.134,200.008,5
6iC4xfqow6iAsRhPh5IrWz,"PAMI (feat. Wizkid, Adekunle Gold & Omah Lay)","PAMI (feat. Wizkid, Adekunle Gold & Omah Lay)",DJ Tunez,2020-08-13,213599,60,0.625,0.755,0.645,5.79e-06,0.197,-6.933,0.0944,99.889,4
17aDzWS0KU09MVWtagw2FI,MCM,Roots,NSG,2020-06-19,191333,52,0.0212,0.754,0.596,0.00191,0.274,-5.54,0.345,199.986,4
46DmSUU9rCEhjLv2sVMN8U,Red Flag (feat. Chip),Nasty,Kida Kudz,2020-02-07,148834,17,0.0999,0.841,0.595,0.00131,0.0743,-6.104,0.187,104.974,4
51mLQ3w7yR7vjdSTFLWaY5,Ginger (feat. Burna Boy),Made In Lagos,Wizkid,2020-10-29,196146,70,0.103,0.545,0.749,0.0,0.232,-6.621,0.153,100.503,4
601WxmzITFziMCk3iuNps7,Say Cheese,Blue,KiDi,2020-05-08,145048,53,0.419,0.837,0.743,9.77e-05,0.103,-5.014,0.0505,102.996,4
5DCoLPjn4bBNmf41iVG5Vh,1985,1985,Juls,2020-12-18,170501,42,0.225,0.711,0.619,0.00584,0.0996,-10.797,0.0564,107.033,4
0LFDKqXO5cxL5HNKjcC2Pw,Why Stress,Roots,NSG,2020-06-19,217533,42,0.225,0.876,0.566,4.38e-06,0.102,-8.95,0.198,100.05,4
0D3bX53KP5VsPWLjCOU2fA,Big Conspiracy (feat. iceè tgm),Big Conspiracy,J Hus,2020-01-24,218680,60,0.301,0.752,0.583,0.0,0.0871,-5.994,0.372,92.599,4
1z9NdleGpS9bTf0mUBVQn5,One Last Time,One Last Time,Star.One,2019-08-02,154887,13,0.213,0.64,0.822,5.75e-06,0.13,-4.982,0.417,128.679,4
7jrfqHvcRvJluOlCGJU54G,Blessed,Blessed,Juls,2020-07-10,188307,54,0.143,0.829,0.433,0.00252,0.13,-11.828,0.174,130.051,4
2d7foPk9CgoWvfbLNtnjRG,Top Down,A Pennies Worth,KinKai,2020-05-01,262874,39,0.41,0.64,0.614,2.63e-05,0.107,-7.497,0.14,89.729,4
22bFpKj7SJiBa8wOScCABk,1 Time,Eighteen,Moko,2020-10-25,210285,35,0.00976,0.692,0.521,0.00728,0.179,-10.978,0.055,104.98,4
025a1cjjfj5YZ5sSMCLkXG,Bad,Bad,Gracious K,2020-04-18,139428,24,0.0582,0.722,0.487,0.000452,0.0968,-7.385,0.328,132.743,5
5sICnSGfWkwVmIeD9WZ2Jk,Betty,Betty / Bang Out,Pa Salieu,2020-05-25,136626,31,0.18,0.634,0.529,1.63e-06,0.106,-6.727,0.34,192.149,4
11RIJRbBfyLlJut96itSFd,Energy (Stay Far Away),Energy (Stay Far Away),Skepta,2018-06-20,199521,68,0.345,0.836,0.614,9.86e-05,0.088,-4.543,0.311,101.97,4
7htefGsTHusmmM6jbBJZ1R,Rice & P’s - A COLORS SHOW,Rice & P’s - A COLORS SHOW,Jords,2021-02-11,172041,38,0.515,0.72,0.478,0.000584,0.618,-10.588,0.335,103.432,4
6l5WDlZzjAXWEA47969TXI,Soweto Blues,Soweto Blues,Juls,2020-03-27,298997,53,0.00167,0.863,0.449,0.0235,0.0585,-12.521,0.0622,112.043,4
2Jy4EdqIZswDZvVDh5dx3A,Dimension (feat. Skepta & Rema),Dimension (feat. Skepta & Rema),JAE5,2021-03-18,234026,62,0.173,0.561,0.722,4.86e-05,0.175,-6.437,0.068,103.099,4
7hXYBAMe5r7AyRcmOjSN2Z,Billie Jin,Billie Jin,IDPizzle,2020-05-22,226290,40,0.3,0.799,0.476,0.0,0.101,-10.613,0.222,139.952,4
3Xfwu3xtPqmJ4nM4jpBm8O,Damages,For Broken Ears,Tems,2020-09-25,169411,71,0.528,0.712,0.497,2.65e-05,0.125,-8.106,0.431,128.385,5
5s7j77zpP6e9uz2Q1DU851,I Like (feat. WizKid),I Like (feat. WizKid),Kojo Funds,2019-08-08,192784,58,0.268,0.496,0.833,0.0,0.0858,-3.398,0.287,134.944,5
6SCSFTRB2ueJIhYQ2VJK68,Eighteen,Eighteen,Moko,2020-10-25,155121,43,0.589,0.59,0.435,0.0,0.106,-9.943,0.274,109.288,5
3TgXcCEDCEEEIYR9Jbq7e1,Frontline,Send Them To Coventry,Pa Salieu,2020-11-13,201108,39,0.109,0.594,0.705,1.2e-05,0.175,-4.583,0.183,127.708,5
6Yblv6BbZHIkyrpYl4E0Zk,Repeat (feat. Koffee),Big Conspiracy,J Hus,2020-01-24,153146,60,0.0099,0.867,0.725,6.26e-06,0.127,-5.199,0.141,91.966,4
5cn8rUjix0GZj4Tkh9TTJZ,Mmayewa,Mmayewa,Juls,2020-10-09,169230,37,0.176,0.834,0.558,1.67e-05,0.0879,-8.274,0.166,116.977,4
1QPIsbNZiuDv9NBjvkZYNU,Kate Winslet (feat. Unknown T),Kate Winslet (feat. Unknown T),NSG,2020-11-19,231026,49,0.222,0.692,0.677,0.00106,0.0975,-5.792,0.302,101.637,4
4ebB5SB54qE1jdJ7VUU6wa,Quarantine (Prod.by Adrian),Quarantine (Prod.by Adrian),IAMDDB,2020-06-05,176000,39,0.672,0.806,0.395,1.25e-06,0.0844,-7.589,0.045,110.977,4
3FhIvkpWTHu4Vc7ZtSWdzb,Nigeria (feat. CallMeTheKidd),Nigeria (feat. CallMeTheKidd),One Acen,2020-07-10,157244,35,0.586,0.855,0.505,5.37e-05,0.121,-7.464,0.275,105.035,4
2v2EN5kpfhHdaZheU0X2m1,Inferno,Inferno,HEX,2019-04-17,152565,43,0.0579,0.74,0.516,0.0787,0.164,-8.783,0.0384,139.988,4
3JrYkRVUNq5QLUgVJMCLYz,Bet (feat. Skepta & Michael Phantom),Endorphins,Octavian,2019-06-13,169211,52,0.00124,0.857,0.6,2.75e-05,0.124,-8.694,0.38,156.065,4
3R60ekRcGXuaoZmnbdlf3n,Play Play (feat. Burna Boy),Big Conspiracy,J Hus,2020-01-24,205640,68,0.275,0.763,0.704,0.0,0.108,-4.818,0.308,90.005,4
1JseAs562lQva7llJ0bibp,Like Tu Danz,Colour,Juls,2019-07-26,209235,47,0.0367,0.691,0.688,0.0,0.0736,-7.698,0.387,101.275,4
2DqsOLmZv2C0IxYyG9SlmI,Ourself,Ourself,NSG,2020-02-07,190400,44,0.384,0.936,0.538,0.000201,0.0794,-5.622,0.188,103.02,4
0xag33jIARIViFERSXWDEV,Small Boy,Small Boy,C.P,2020-03-27,216000,13,0.245,0.774,0.585,5.59e-06,0.0771,-6.158,0.32,99.464,4
7aIC4z5XBdEAI9kqycYxMV,Vice Versa (feat. WSTRN),Vice Versa (feat. WSTRN),One Acen,2018-01-26,190094,58,0.393,0.712,0.674,0.0,0.104,-7.454,0.183,102.007,4
3XdmxkGq16K3L1VcKChi57,Never Find,Never Find / Armagidion,WSTRN,2020-10-08,205069,50,0.00276,0.575,0.634,0.0054,0.219,-6.026,0.127,126.444,5
6rdaW0ZtNeQv4J2lmOf4sS,Party Here,Party Here,Octavian,2017-12-01,163200,48,0.00524,0.819,0.525,1.61e-05,0.0954,-8.85,0.104,124.856,4
75NPgaRFGvx1UFteD7yNZ6,Triumph,Big Conspiracy,J Hus,2020-01-24,170106,54,0.0725,0.704,0.662,0.0,0.105,-5.926,0.215,94.063,4
63Sb1AMnhb37DR59uXZdQd,Princess Cuts (feat. Young T & Bugsey),EDNA,Headie One,2020-10-09,185080,63,0.196,0.576,0.597,0.0,0.049,-6.659,0.318,101.174,4
115OL2ZaNEl3eXhY5GphtW,Roots,Roots,NSG,2020-06-19,190240,37,0.422,0.73,0.715,0.000827,0.143,-5.215,0.214,102.846,4
60eJ3MVSGh1Wias2xfZVdp,+44,+44,Lotto Boyzz,2020-03-11,222350,54,0.488,0.677,0.649,0.0,0.187,-4.9,0.224,105.332,4
5DCoLPjn4bBNmf41iVG5Vh,1985,1985,Juls,2020-12-18,170501,42,0.225,0.711,0.619,0.00584,0.0996,-10.797,0.0564,107.033,4
3AMxuq6id3YGB57eWeheZQ,Don't Rush (feat. DaBaby),Don't Rush (feat. DaBaby),Young T & Bugsey,2020-06-12,201960,62,0.144,0.959,0.508,9.82e-05,0.136,-7.857,0.257,107.998,4
4DmgUMnnCw27Tu5Jvqhm1n,What Do You Mean?,Ignorance is Bliss,Skepta,2019-05-31,211120,61,0.0482,0.738,0.521,5.75e-06,0.108,-8.909,0.495,192.003,4
4Dech2aFB9vMxRFF4rJAM1,Airplane Mode (feat. NSG),Crabs In A Bucket,Nines,2020-08-28,237784,57,0.0343,0.593,0.701,0.0,0.0841,-4.587,0.32,134.814,5
5vIXEk3u02WHbcD0h2ozhm,Must Be,Big Conspiracy,J Hus,2020-01-24,208426,57,0.0302,0.561,0.71,0.0,0.122,-4.676,0.351,99.011,4
2NwRZNRIlPt0qneUynCtro,parlé,parlé,One Acen,2020-11-30,160580,50,0.278,0.886,0.511,0.0,0.103,-8.854,0.264,105.03,4
23VmCwnw95Zqbeapi31iGt,Tinder,Roots,NSG,2020-06-19,216520,40,0.194,0.865,0.531,0.0817,0.114,-5.688,0.32,99.947,4
4HTKztrMHpvn2sAl4HcK3J,Bad (feat. Aitch),Bad (feat. Aitch),Pa Salieu,2021-10-14,206261,44,0.131,0.813,0.727,0.0,0.127,-2.84,0.243,110.268,4
2Xs2HQqDDb00tsaWFYKyXt,EIO (feat. Hardy Caprio),EIO (feat. Hardy Caprio),One Acen,2018-06-07,195662,46,0.672,0.739,0.449,0.0,0.116,-8.415,0.0584,157.956,4
0gEV1AR0gd59DzrMJalYcK,Bullet From A Gun,Ignorance is Bliss,Skepta,2019-05-31,171333,59,0.469,0.87,0.685,3.68e-06,0.281,-6.3,0.297,134.961,4
7086QbyiN4ITmlngO7XwgA,Oshey,Ojekoo,Juls,2017-12-15,270158,46,0.0926,0.856,0.348,0.0763,0.0662,-10.113,0.0784,117.983,4
1Iz87RGfw3AByk09mQ9t5T,"Love, Peace and Prosperity",Big Conspiracy,J Hus,2020-01-24,194053,47,0.234,0.619,0.694,0.0,0.116,-6.746,0.125,99.072,4
3rqmxZNh2BRgJ3BiCPFTSG,Disaster (feat. J Hus),PSYCHODRAMA,Dave,2019-03-08,240160,66,0.619,0.727,0.761,0.0,0.077,-5.686,0.436,91.108,4
57XA5uPB0JtQTPCyRRrwGp,Trust Issues,Roots,NSG,2020-06-19,201600,47,0.0688,0.469,0.848,1.4e-05,0.159,-4.556,0.338,73.936,3
3B0WbRucJ6ZIla2G9IVt2E,I Dunno (feat. Dutchavelli & Stormzy),I Dunno (feat. Dutchavelli & Stormzy),Tion Wayne,2020-05-29,178137,66,0.0954,0.821,0.666,0.0,0.319,-7.237,0.342,145.066,4
15EPc80XuFrb2LmOzGjuRg,Crew (feat. Brent Faiyaz & Shy Glizzy),At What Cost,GoldLink,2017-03-24,176702,79,0.133,0.728,0.607,0.0,0.0864,-8.417,0.132,129.938,4
54I1dC6Ux5I4h7U44DmjgK,Coconut Water,Coconut Water,Nia Sultana,2019-09-12,180705,46,0.0876,0.724,0.432,3.22e-05,0.0828,-9.945,0.203,84.992,4
6LXe2xtReWDWGnHCA5I3uO,Sway,Sway,Cupidon,2021-08-13,169600,56,0.617,0.712,0.532,0.00745,0.121,-6.286,0.0494,99.951,4
4n358XQMHXd0xi6NazWdxr,Vex Oh (feat. Eight9FLY),BUBBA,KAYTRANADA,2019-12-13,162146,67,0.148,0.742,0.645,2.86e-05,0.0861,-10.248,0.386,112.402,4
3X6YJcqTinaNraRvojF62K,Z4L (with Bari & Jay2),NOIR,Smino,2018-11-08,162590,66,0.0779,0.822,0.503,0.0,0.161,-6.889,0.285,71.524,4
0wY9rA9fJkuESyYm9uzVK5,D'Evils,November,SiR,2018-01-19,171818,69,0.00558,0.784,0.586,0.000286,0.106,-3.417,0.187,132.169,4
6zWU7YALeEDMcPGhKKZJhV,Navajo,Navajo,Masego,2017-06-08,194157,72,0.117,0.567,0.593,1.32e-06,0.248,-7.404,0.288,88.545,4
7jaYiqwCFQDdtxfQaSzZuM,Meditation (feat. Jazmine Sullivan & KAYTRANADA),At What Cost,GoldLink,2017-03-24,258784,54,0.0303,0.849,0.703,0.0,0.0831,-7.069,0.193,115.052,4
5KapB9KJnRsZrprzIAXycW,Uknowhowwedu,Kollage,Bahamadia,1996-04-02,214866,59,0.641,0.534,0.596,2.16e-05,0.276,-10.289,0.388,185.733,4
4doxCAkqckpGTasPN6ByUu,Rebuke,KAYTRAMINÉ,KAYTRAMINÉ,2023-05-19,118436,73,0.189,0.649,0.565,0.0,0.127,-7.348,0.0839,86.899,4
439X8jGytErRiPnaoUJHju,CHANCES,NOTHIN LIKE U / CHANCES,KAYTRANADA,2018-11-30,218200,69,0.204,0.835,0.527,0.000423,0.283,-7.272,0.128,106.003,4
6efkcs2aUBMFKxl0cl2JWQ,Wild Irish Roses,blkswn,Smino,2017-03-14,169319,69,0.554,0.639,0.295,3.09e-05,0.3,-11.237,0.544,86.947,4
3VBYPu6aJaCgtlHx3Avxbk,Funky Thang,Funky Thang,Shay Lia,2018-08-10,160780,53,0.137,0.732,0.649,8.61e-05,0.113,-7.672,0.413,120.072,4
5ibTi2YwtvbB1bTOv2I93d,John Redcorn,Chasing Summer,SiR,2019-08-30,187893,68,0.224,0.734,0.438,0.00292,0.215,-6.124,0.0865,143.961,4
0H57lJQoHSzP4nE7EvTJPP,Have You Seen That Girl?,At What Cost,GoldLink,2017-03-24,162277,42,0.00566,0.869,0.792,0.0,0.0683,-6.351,0.141,107.985,4
3DlgDXIYtnWtJKiB8bZQMv,Photosynthesis,Bucket List Project,Saba,2016-10-27,201732,66,0.536,0.777,0.662,4.61e-06,0.593,-8.393,0.27,111.13,4
3CblJq8QQQ0bb7vwJu8c3v,4EVA (feat. Pharrell Williams),4EVA (feat. Pharrell Williams),Aminé,2023-04-07,190373,75,0.0248,0.83,0.695,0.0755,0.0573,-9.445,0.0716,112.046,4
632PCenoAviq31MsIh9eBM,Be Careful (feat. Thundercat),Intimidated,KAYTRANADA,2021-11-19,163013,61,0.0162,0.825,0.683,2.2e-05,0.0582,-9.338,0.0923,106.002,4
078lbDGGTqBuTKU3bypXxQ,90 Proof (with J. Cole),Luv 4 Rent,Smino,2022-10-28,208269,65,0.215,0.768,0.626,2.63e-05,0.144,-6.516,0.125,147.77,4
051zam2WDIKOLdu4XYpCaA,Claymore (feat. Smino),The House Is Burning,Isaiah Rashad,2021-07-30,186151,60,0.632,0.688,0.517,0.000922,0.0887,-10.374,0.125,141.287,4
3tsFWhe45D6CGFSMA77T3B,Trouble On Central,Harlan & Alondra,Buddy,2018-07-20,187426,57,0.233,0.812,0.448,0.000272,0.13,-6.621,0.0666,99.958,4
6AOcDjTt4jfe9ostQ6eAs7,Same Clothes As Yesterday (feat. Ciscero),At What Cost,GoldLink,2017-03-24,200774,39,0.605,0.583,0.654,0.0,0.103,-6.456,0.395,97.492,5
4sFzG7iUlyPmuyASCkre9A,Hair Down (feat. Kendrick Lamar),Chasing Summer,SiR,2019-08-30,216933,65,0.25,0.793,0.489,0.000101,0.432,-10.984,0.284,120.097,4
4aMExui9zpbQZNhAmMsHPB,Electric Photograph,Electric Photograph,Cupidon,2022-10-28,175381,60,0.275,0.803,0.592,0.00301,0.0844,-7.19,0.0887,110.911,4
0tId1P997Yfc6ryu7Sr5AQ,Na Hora (feat. Faktiss & McClenney),Da Rocinha 3,Sango,2015-11-10,192500,33,0.314,0.79,0.616,0.0,0.114,-9.982,0.365,123.985,4
3Cmel92VSiZQiOmZzENWUb,I Confess,Kollage,Bahamadia,1996-04-02,245733,36,0.204,0.609,0.746,0.0,0.27,-4.229,0.122,83.672,4
5x3v1Td2EkrUJfscZdb6zJ,Got My Back,"I Shine, U Shine",RIMON,2020-05-14,204901,51,0.139,0.661,0.463,0.0,0.0628,-11.754,0.0474,135.945,4
4SqPtAd2irUOyLoLcOFtkl,I Deserve (w/ NOS.),I Deserve (w/ NOS.),Smino,2021-11-11,162858,59,0.0721,0.763,0.484,0.0,0.245,-7.482,0.141,145.058,4
3NsPvsr9VrcMtAxJ50XCL9,Summatime (feat. Wale & Radiant Children),At What Cost,GoldLink,2017-03-24,226164,46,0.249,0.807,0.689,6.93e-05,0.338,-6.646,0.207,95.014,4
6NblUCwJXYkQlQ6LhcmSlQ,Ooh Nah Nah (feat. Masego),Ooh Nah Nah (feat. Masego),SiR,2017-01-23,240000,60,0.052,0.85,0.273,2.22e-06,0.104,-11.567,0.278,116.894,4
15cYjzRUBRrDHn76GdxWiv,Twin Flame,Twin Flame,KAYTRANADA,2022-08-01,232122,61,0.00707,0.61,0.709,1.61e-05,0.273,-7.143,0.241,100.489,4
3QF4i1kw1Cs4KsIJvevZ3v,Irrational (feat. Adekunle Gold) - Remix,Irrational (feat. Adekunle Gold) [Remix],Shay Lia,2021-04-23,230180,47,0.603,0.75,0.669,1.06e-06,0.0658,-5.329,0.0782,97.999,4
455RNF1FhYAjgRI0nPI9DA,Can't Get Enough,Like That,Cupidon,2023-01-20,184065,53,0.0668,0.826,0.423,0.0051,0.107,-6.624,0.144,107.03,4
5mtfHX4VyY5D81WMaOHgHV,What More Can I Say,Yes Lawd!,NxWorries,2016-10-21,156133,58,0.148,0.455,0.529,0.0,0.161,-5.693,0.153,74.885,4
3DcL8FXLA9iKwqnyj9POLt,Baguetti (with JID & Kenny Beats),Baguetti (with JID & Kenny Beats),Smino,2020-07-21,180765,56,0.418,0.788,0.513,0.0,0.125,-9.56,0.535,70.08,4
7qcxGQNLJup67pQwTKsR8E,Roll Call (feat. Mya),At What Cost,GoldLink,2017-03-24,200327,39,0.222,0.637,0.733,0.0,0.0428,-6.052,0.296,119.407,4
0hZIaQMGqu41dozEwqVa1b,Satisfaction,Satisfaction,SiR,2022-05-05,130981,62,0.66,0.685,0.577,2.69e-06,0.109,-4.655,0.108,110.326,4
5ljYtIOFDdm8unZbThF1rI,slip feat. Beam (BONUS TRACK),Pulp (Director’s Cut),Ambré,2020-07-31,202035,31,0.406,0.722,0.603,0.0,0.13,-6.813,0.308,88.149,4
58uTw3T5gfAMvvQuNhJPJH,Voodoo,Dangerous (Deluxe),Shay Lia,2019-11-19,196949,44,0.341,0.715,0.585,7.58e-06,0.133,-6.916,0.0876,105.02,4
5jATtrFA8ToejRtQqoS5fi,All for You,All for You,Wade,2018-04-03,198832,46,0.316,0.437,0.379,0.553,0.0986,-13.439,0.341,172.929,4
02nhDSWvcXYALyVkth2oXd,Who He Iz,KAYTRAMINÉ,KAYTRAMINÉ,2023-05-19,181000,71,0.0202,0.729,0.55,1.43e-05,0.387,-5.52,0.234,105.861,4
4oebzB09U8UoYtNnS6vTjt,Pudgy (with Lil Uzi Vert),Luv 4 Rent,Smino,2022-10-28,135774,59,0.649,0.776,0.773,9.01e-06,0.127,-6.387,0.0354,98.999,4
564oa00vY05d1uYnTEAAmE,Herside Story,At What Cost,GoldLink,2017-03-24,183760,63,0.656,0.885,0.595,4.42e-06,0.105,-5.487,0.286,148.034,4
33fgHbTXA4hVRriK2W1khx,The Recipe,Chasing Summer,SiR,2019-08-30,178400,60,0.049,0.527,0.494,2.76e-06,0.091,-6.606,0.088,129.555,4
1gEB5InUzgNLHPv8H34v54,"Wake Up, Get Down","Wake Up, Get Down",Cupidon,2021-04-09,259816,54,0.372,0.747,0.453,0.000276,0.125,-10.563,0.429,108.911,4
2ucJBU4uvj0RgWPY4PgVVV,All Up To You,All Up To You,Shay Lia,2020-06-26,188437,41,0.193,0.675,0.677,0.00819,0.169,-8.835,0.132,110.142,4
2W3opOU3acvOKwo8UDx0mf,Some Feelings Never Go Away,Some Feelings Never Go Away,Nia Sultana,2023-03-24,177726,53,0.24,0.642,0.572,1.86e-06,0.0999,-7.694,0.291,72.297,4
4ChbC1hqqAEhON6ZvIMJQQ,Lock My Door,Lock My Door,Joshua J,2018-02-23,215779,35,0.0562,0.764,0.734,0.0,0.0946,-7.591,0.0662,109.017,4
12CNybio0Bxean3F3uYugU,No L's,Luv 4 Rent,Smino,2022-10-28,175018,68,0.156,0.786,0.65,0.0,0.127,-6.472,0.31,130.993,4
77wZg9hR1TnPkysYKl29OJ,Sober Thoughts,Sober Thoughts,GoldLink,2015-03-31,199578,36,0.00355,0.825,0.45,4.55e-06,0.154,-9.013,0.308,94.965,4
5hpVI4uROr6e4RBQJzBwB7,Day Date,Day Date,Clavish,2023-04-27,182387,68,0.0401,0.816,0.688,7.33e-06,0.123,-5.691,0.0967,132.015,4
56cBC4ufFxIxAWeGGoUznJ,Tekky,Tekky,Chip,2023-04-27,118386,59,0.0145,0.891,0.722,6.34e-06,0.164,-8.2,0.286,141.999,4
5Gf30Ezykm4MhgzvaPL2Ei,Wicked,Wicked,Juls,2021-07-23,189354,44,0.153,0.917,0.698,2.01e-05,0.189,-7.516,0.156,126.965,4
5SwUdsvuqQE6pBiFCZjsqQ,brush u,brush u,Ragz Originale,2021-01-07,111277,33,0.646,0.495,0.527,0.0065,0.222,-9.204,0.102,120.676,5
4q4N3w0KDRYpAGmBZPLMlQ,Calendar,Crop Circle 2,Nines,2023-04-28,194709,70,0.312,0.512,0.82,0.0,0.567,-4.525,0.451,89.586,4
3PO4o0z1ao5ItW7C4HNd72,Mandy,Mandy,Scribz Riley,2020-08-25,185794,44,0.367,0.522,0.442,0.0023,0.167,-11.319,0.296,69.389,5
11RIJRbBfyLlJut96itSFd,Energy (Stay Far Away),Energy (Stay Far Away),Skepta,2018-06-20,199521,68,0.345,0.836,0.614,9.86e-05,0.088,-4.543,0.311,101.97,4
519SuHU1ai91BsRxDnT9Ki,Cloak & Dagger (feat. J Hus),"Love, Damini",Burna Boy,2022-07-07,211050,54,0.16,0.791,0.608,0.00109,0.278,-6.634,0.209,103.063,4
4wvnXoQqjIOoEis5eyTbCl,Lazarus (feat. Boj),We're All Alone In This Together,Dave,2021-07-22,204373,65,0.115,0.916,0.476,2.13e-05,0.0992,-8.852,0.321,103.997,4
3aQuwPANxNswEKh2viX9EJ,ICED OUT SUMMER,ICONICY,Ragz Originale,2022-07-29,160280,44,0.441,0.742,0.616,9.28e-06,0.257,-6.45,0.301,93.128,4
2CZK0do1yJntY27iBK3PKD,Dark Days,The Worst Generation,Che Lingo,2020-10-23,182640,46,0.45,0.639,0.813,0.0,0.115,-2.865,0.0692,124.847,4
49q1cx7bCJ53daNU3lENe7,In The Morning,CHERISH,Jay Prince,2018-05-25,212866,47,0.0303,0.764,0.905,2.66e-06,0.0303,-4.544,0.105,100.068,4
0BfJzdrAcLIQIYNP98zaO0,Dollas and Cents,Dollas and Cents,TOBi,2020-08-20,202944,30,0.15,0.94,0.424,0.00368,0.122,-8.506,0.245,101.964,4
7vF63z20Gyd0oZU8jYqGgX,I Got You,Sounds of My World (Deluxe),Juls,2022-08-05,152523,41,0.00428,0.624,0.705,0.0678,0.0616,-6.308,0.381,213.744,4
5Vd46pXPA18ky9n1t4OOiP,code red,code red,Ragz Originale,2021-12-10,155903,44,0.272,0.655,0.527,1.52e-05,0.0916,-7.592,0.051,82.037,4
4Jhp7suhWYmpFJKSwuVW8W,On My Sleeve (feat. Kaash Paige),On My Sleeve (feat. Kaash Paige),Scribz Riley,2020-10-30,182562,36,0.155,0.405,0.459,7.71e-06,0.106,-8.913,0.159,82.89,3
7jXTGAgzmvLJ40dKKJON2u,Born (feat. Cashh),Reason to Smile,Kojey Radical,2022-03-04,206586,38,0.0829,0.547,0.693,1.17e-06,0.129,-6.319,0.237,94.515,4
5gOtq0sKU24ZF8hnXlSp1V,System (feat. WizKid),We're All Alone In This Together,Dave,2021-07-22,181550,69,0.105,0.817,0.669,1.25e-06,0.247,-4.278,0.1,106.934,4
6MKGLdsfyFJlmdPRI78adp,When the Sun Comes Out,When the Sun Comes Out,kadiata,2018-10-03,253125,43,0.0386,0.848,0.603,1.22e-05,0.0751,-6.913,0.0961,131.787,5
4A7sSA10D35HQUNrSOl5Zo,Propeller (feat. Dave & BNXN),Propeller (feat. Dave & BNXN),JAE5,2022-07-28,204440,69,0.475,0.846,0.508,0.000126,0.0961,-7.873,0.308,126.447,5
24ULbF2UnOeMbkmkGriTBc,Petite,Petite,NSG,2021-08-12,182710,58,0.452,0.631,0.565,4e-05,0.0782,-6.89,0.225,101.822,4
1QxTmNDHFmgaxgAolqqgAD,22,22,JayO,2023-02-22,142120,78,0.693,0.534,0.821,1.02e-05,0.078,-7.463,0.107,111.032,5
4CGORuRtjSK6xMy8s1VvSS,The Mission,The Mission,Bakar,2021-08-19,191478,60,0.188,0.708,0.437,0.0,0.0976,-6.982,0.0807,94.053,4
3aQLKFRKoDR4vNExOr9IFN,send 4 u,WOAH,Ragz Originale,2021-01-29,146346,33,0.229,0.605,0.596,0.0,0.173,-8.346,0.0534,80.011,4
6TCIT9UrbWdT6w7ljB8h2U,NOBODY'S BUSINESS,"SOL, VOL. 2",Jay Prince,2020-11-06,194498,40,0.477,0.697,0.806,0.0464,0.132,-7.519,0.0389,114.063,4
3xisZC0wKQU9ot2FE75Bb6,Beautiful,Beautiful,Dapz on the Map,2020-07-03,189581,37,0.264,0.816,0.437,5.71e-06,0.0827,-8.506,0.081,89.937,4
6ztz7MysNjHec8CHmigWDp,Born (Remix) [feat. Cashh & King Promise],Born (Remix) [feat. Cashh & King Promise],Kojey Radical,2022-07-14,167017,37,0.0793,0.759,0.703,1.21e-06,0.143,-6.329,0.17,95.116,4
0ibShYbjMMERrW91r5VyoT,Lupita,Roots,NSG,2020-06-19,217733,54,0.324,0.75,0.492,0.000139,0.232,-6.65,0.258,98.173,4
6oUfoALNcb6H7exE2D9A4A,Summer Is Blue,Summer Is Blue,Sainté,2021-09-24,160000,46,0.418,0.652,0.597,1.21e-05,0.116,-7.614,0.366,155.921,3
6d5E28VYwyws9CY00lwxfq,Never Leave,Never Leave,WSTRN,2021-10-21,196153,50,0.0158,0.732,0.608,3.51e-05,0.317,-6.93,0.0883,89.983,4
29sSLYkzMUXyQ4n8oiSiyO,Plus Minus (with Erick the Architect),Plus Minus (with Erick the Architect),Col3trane,2022-03-18,202520,31,0.767,0.633,0.26,0.00992,0.0937,-14.644,0.218,141.473,1
6SCSFTRB2ueJIhYQ2VJK68,Eighteen,Eighteen,Moko,2020-10-25,155121,43,0.589,0.59,0.435,0.0,0.106,-9.943,0.274,109.288,5
7aIC4z5XBdEAI9kqycYxMV,Vice Versa (feat. WSTRN),Vice Versa (feat. WSTRN),One Acen,2018-01-26,190094,58,0.393,0.712,0.674,0.0,0.104,-7.454,0.183,102.007,4
35eTRjsCyCIASS7UmurJUc,Flexing (Side A),"When I’m About, You’ll Know",808INK,2018-03-02,214500,38,0.0452,0.772,0.821,0.0,0.131,-2.821,0.308,100.863,4
32sBVB5HmrwJ6e9g0S2BRL,Damselfly,Yesterday's Gone,Loyle Carner,2017-01-20,172653,67,0.517,0.82,0.596,0.00159,0.358,-7.539,0.246,94.968,4
06eTOJlWZlR8mcLgFpUT0D,War Outside (feat. Lex Amor),War Outside (feat. Lex Amor),Kojey Radical,2021-09-21,236885,49,0.0194,0.789,0.563,2.65e-06,0.0781,-4.979,0.248,140.036,4
1vkQGM41waAYdl7txOft1F,Not Around,Not Around,tendai,2021-08-17,152001,36,0.221,0.412,0.903,0.0362,0.126,-8.118,0.18,103.44,4
6fdO1Q9BsT2WbhFFLzgkNr,THE WORD,"SOL, VOL.1",Jay Prince,2020-10-16,232475,34,0.579,0.391,0.612,1.86e-06,0.103,-8.569,0.134,80.751,4
55K2ZYir51TSEBrf2thUi9,Day By Day,Day By Day,Wauve,2020-07-09,202549,44,0.239,0.634,0.714,1.13e-06,0.0828,-5.924,0.0787,97.94,4
6JiDmEYQJ6bvsqgRu206qp,NOT A GYALIS (ft. KNUCKS & Nippa),ICONICY,Ragz Originale,2022-07-29,139680,35,0.445,0.793,0.724,0.0169,0.168,-6.65,0.0669,130.122,4
7cFPWLFiE60sdgzPsyydUJ,Hide & Seek,Hide & Seek,Stormzy,2022-10-14,208350,69,0.379,0.807,0.376,0.00387,0.114,-7.768,0.0638,104.908,4
3z4CGd63tpUn9a6oQSG0CI,Location (feat. Burna Boy),PSYCHODRAMA,Dave,2019-03-08,241293,81,0.271,0.812,0.496,0.0,0.0955,-5.969,0.297,109.979,4
1ibMuYlk0n5AkYxEluhAUp,Beautiful (feat. Wretch 32 & Shakka),Reason to Smile,Kojey Radical,2022-03-04,200280,34,0.133,0.549,0.663,2.72e-06,0.0947,-7.158,0.354,62.979,3
0pRyOQjr12h9RBEFmhbTQc,Yesterday,Yesterday,Loyle Carner,2020-11-11,168654,61,0.0734,0.428,0.98,0.0,0.127,-2.975,0.443,92.035,4
6hlrui656yBRUb3qGkd5lH,Los Pollos Hermanos,Los Pollos Hermanos,Knucks,2021-03-12,95871,62,0.683,0.798,0.618,0.0,0.695,-8.218,0.163,139.972,4
1TfpBtkEQiDISwBcW1BeCX,Roadblock,Roadblock,NSG,2022-05-05,233293,56,0.1,0.877,0.75,2.18e-05,0.123,-3.021,0.238,104.035,4
4gQPATYQSZ4BfiW2Csb2f4,PDF,PDF/BE FREE,Odeal,2022-09-23,183529,34,0.227,0.794,0.452,0.77,0.11,-14.197,0.305,118.956,4
6DXEZzM4wBa3EOl0NCNSvz,Did You See,Common Sense,J Hus,2017-05-12,181413,72,0.387,0.579,0.579,0.0,0.17,-6.787,0.394,104.757,4
6I15UB0IPWQhJNJEPQ1gLE,Water (with Mahalia),Water,Kojey Radical,2018-05-10,207946,47,0.291,0.678,0.57,0.0,0.228,-3.922,0.304,140.115,4
3mtaSob1BQO4HMSA8lWKRt,In The Fire,We're All Alone In This Together,Dave,2021-07-22,423909,62,0.0497,0.765,0.681,0.0,0.216,-4.241,0.31,127.77,5
39JofJHEtg8I4fSyo7Imft,B.O.T.A. (Baddest Of Them All) - Edit,B.O.T.A. (Baddest Of Them All),Eliza Rose,2022-08-12,226626,83,0.164,0.736,0.906,0.585,0.106,-7.589,0.048,137.001,4
38spM0LahLUfQhOMAqA7AI,Be Your Girl (Kaytranada Edition),Be Your Girl (Kaytranada Edition),Teedra Moses,2018-05-04,268087,71,0.208,0.864,0.682,5.27e-06,0.1,-6.73,0.386,115.012,4
60ByM4iRPMZ7h8b1a32Ur0,Dem Boy Paigon,The 15th Day,J Hus,2017-02-27,159013,59,0.387,0.784,0.699,0.0,0.134,-8.476,0.405,99.888,4
5FG7Tl93LdH117jEKYl3Cm,Essence (feat. Tems),Made In Lagos,Wizkid,2020-10-29,248040,76,0.0266,0.849,0.707,8.58e-06,0.618,-6.002,0.113,104.027,4
3gw91o4at6nDzewF9Hxzs7,No Excuses,No Excuses,Bru-C,2022-04-28,222453,71,0.105,0.678,0.732,1.56e-05,0.306,-5.696,0.0465,87.495,4
2lEl1iNGpz9r2B7R5BqXSD,Ye,Outside,Burna Boy,2018-01-26,231618,58,0.018,0.501,0.592,0.000138,0.174,-5.923,0.446,202.003,4
4JSEMSiKPVcIEBQIlmGuI3,Simmer (feat. Burna Boy),Simmer (feat. Burna Boy),Mahalia,2019-07-03,167680,55,0.227,0.695,0.746,0.0,0.254,-3.952,0.0482,91.698,4
0lk5tzmaJWVAv5GBvpm3xu,Peru,Peru,Fireboy DML,2021-07-21,151640,63,0.572,0.951,0.415,0.00403,0.0792,-6.847,0.077,108.014,4
5pAbCxt9e3f81lOmjIXwzd,Be Honest (feat. Burna Boy),Be Honest (feat. Burna Boy),Jorja Smith,2019-08-16,207030,73,0.311,0.757,0.737,0.0,0.113,-6.728,0.114,98.057,4
40SBS57su9xLiE1WqkXOVr,Afraid To Feel,Afraid To Feel,LF SYSTEM,2022-05-02,177524,83,0.0166,0.578,0.912,0.00362,0.273,-3.929,0.114,127.87,4
7sd72KZS8D59g5NmhxyHpJ,Toast,Rapture EP,Koffee,2019-03-14,191502,71,0.0342,0.906,0.638,1.7e-05,0.0725,-7.917,0.256,99.959,4
4C6Uex2ILwJi9sZXRdmqXp,Super Freaky Girl,Super Freaky Girl,Nicki Minaj,2022-08-12,170977,80,0.0645,0.95,0.891,1.77e-05,0.309,-2.653,0.241,133.01,4
4LPNkxES0zCGn6S2Y1vmJN,Last Last,"Love, Damini",Burna Boy,2022-07-07,172342,67,0.143,0.812,0.563,0.0,0.0833,-4.455,0.0887,87.979,4
6RZo8T7GY9EoWZXC5i2587,go - goddard. Remix,Go (Remixes),Cat Burns,2022-03-25,192514,71,0.222,0.728,0.689,6.14e-05,0.107,-6.601,0.13,89.973,4
3sTN90bIP2cJ1783ctHykO,Love$ick (feat. A$AP Rocky),Mura Masa,Mura Masa,2017-07-14,192160,76,0.147,0.625,0.763,0.0106,0.214,-4.997,0.129,88.753,4
3z4CGd63tpUn9a6oQSG0CI,Location (feat. Burna Boy),PSYCHODRAMA,Dave,2019-03-08,241293,81,0.271,0.812,0.496,0.0,0.0955,-5.969,0.297,109.979,4
2SAqBLGA283SUiwJ3xOUVI,Laugh Now Cry Later (feat. Lil Durk),Laugh Now Cry Later (feat. Lil Durk),Drake,2020-08-14,261492,82,0.244,0.761,0.518,3.47e-05,0.107,-8.871,0.134,133.976,4
2cSdAkzAf2T4j4aLvx4LLz,Baby Girl,Baby Girl,Disco Lines,2022-06-15,111074,80,0.0921,0.73,0.907,0.114,0.23,-3.72,0.0606,120.968,4
2UVbBKQOdFAekPTRsnkzcf,Stir Fry,Culture II,Migos,2018-01-26,190288,78,0.00263,0.817,0.816,0.0,0.159,-5.402,0.269,181.982,4
3X2Aw6bQ7TfMMKsTzjTlDg,Waterfall,Waterfall,Disclosure,2022-03-22,232120,67,0.0212,0.691,0.733,5.61e-05,0.0894,-6.887,0.0572,128.038,4
3pudQCMnsFGwOElTZmuml8,Baby,Baby,Aitch,2022-03-10,177733,66,0.194,0.769,0.868,0.0,0.159,-5.772,0.214,103.909,4
45lKz9WsEol7FEV8HhjSjZ,Finesse,Pheelz Good,Pheelz,2023-02-10,151764,57,0.504,0.861,0.537,0.0,0.289,-8.199,0.159,102.014,4
0JmKkvlDtgPIYwLdxPNtyx,Talkin the Hardest,PAY CLOSE ATTENTION: XL Recordings,Various Artists,2014-08-25,160626,58,0.0888,0.482,0.834,0.0,0.167,-4.262,0.256,117.334,5
4QPEwDdOMhY7rNS05mTyMR,Own It (feat. Ed Sheeran & Burna Boy),Heavy Is The Head,Stormzy,2019-12-13,216706,73,0.00838,0.817,0.781,5.21e-06,0.123,-4.178,0.112,104.0,4
4USHZ3omhEBGjHLD9BIJYs,No Words,Game Over,Dave,2017-11-03,210904,67,0.344,0.781,0.736,0.0,0.125,-5.413,0.29,100.55,4
2Xr1dTzJee307rmrkt8c0g,love nwantiti (ah ah ah),CKay The First,CKay,2019-08-30,145800,84,0.365,0.727,0.739,0.00137,0.161,-3.805,0.0411,93.005,4
0UTmS76yJwuCpiKEn16uN5,1991,1991 - EP,Azealia Banks,2012-05-28,210478,63,0.0424,0.853,0.686,2.79e-06,0.0866,-8.314,0.268,122.97,4
7AODNxFNPnKaz4hURLzw5l,Ladbroke Grove,AJ Tracey,AJ Tracey,2019-02-08,190537,72,0.0933,0.902,0.839,0.0,0.102,-9.447,0.208,133.989,4
0wHFktze2PHC5jDt3B17DC,First Class,Come Home The Kids Miss You,Jack Harlow,2022-05-06,173947,84,0.111,0.902,0.582,3.18e-06,0.111,-5.902,0.109,107.005,4
6NJfIydBMYrXvlaXsFxmc8,Ain't It Different (feat. AJ Tracey & Stormzy),Ain't It Different (feat. AJ Tracey & Stormzy),Headie One,2020-08-20,196363,65,0.00988,0.767,0.569,1.45e-05,0.109,-6.805,0.216,77.052,4
02kDW379Yfd5PzW5A6vuGt,Lemonade,"Lemonade (feat. Gunna, Don Toliver & NAV)",Internet Money,2020-08-14,195428,75,0.256,0.799,0.66,0.0,0.111,-6.153,0.079,140.04,4
7u3w4fQhulC1etJbdfmv3Q,IFTK,IFTK,Tion Wayne,2022-05-12,190684,71,0.0781,0.614,0.82,8.18e-05,0.618,-4.32,0.226,146.235,4
1tkg4EHVoqnhR6iFEXb60y,What You Know Bout Love,Shoot For The Stars Aim For The Moon,Pop Smoke,2020-07-03,160000,83,0.65,0.709,0.548,1.59e-06,0.133,-8.493,0.353,83.995,4
32pPek0KsHsMSSFogNu49f,Wasted,Wasted,Digga D,2021-08-13,174545,60,0.174,0.763,0.666,0.0,0.108,-10.844,0.359,143.0,4
4PYfFHKfjYz6dwAtZhBy1z,Obsessed With You,Obsessed With You,Central Cee,2021-09-10,108650,70,0.192,0.746,0.825,0.0,0.365,-4.457,0.0435,143.062,4
4vyG9ZhHT8MKJE5mTICMFC,Still Sleepless,Still Sleepless,D.O.D,2021-09-17,162879,74,0.0156,0.628,0.738,0.281,0.153,-5.045,0.0367,125.928,4
7B0gxo0jQCy5Lk93RIODAC,Baianá,Baianá,Nia Archives,2022-09-30,152558,67,0.00198,0.531,0.89,0.497,0.0913,-6.308,0.144,169.963,4
1DxRMgLoWXgmIFF2Unp5pD,Packs and Potions,Packs and Potions,HAZEY,2022-01-14,160551,59,0.272,0.872,0.525,1.76e-06,0.0691,-6.374,0.419,144.941,4
51ODNNDZm21HU7wI7cccRr,Latch,Settle (Special Edition),Disclosure,2013-06-03,255631,78,0.0159,0.503,0.727,9.45e-05,0.0895,-5.456,0.167,121.985,4
4eVU4U063iMLFJFXb9kzkb,Come Over (feat. Anne-Marie & Tion Wayne),Come Over (feat. Anne-Marie & Tion Wayne),Rudimental,2020-08-28,206657,56,0.0442,0.797,0.672,0.0027,0.149,-6.135,0.0477,131.978,4
1tNJrcVe6gwLEiZCtprs1u,3 Nights,"Don't Forget About Me, Demos",Dominic Fike,2018-10-16,177666,78,0.223,0.815,0.518,0.0,0.104,-6.594,0.0897,151.891,4
4vzJrkfHbCGaodPA5RY5BV,Loading,Wild West,Central Cee,2021-03-12,173333,78,0.732,0.85,0.68,0.0,0.0964,-6.18,0.338,144.006,1
7pnQ23WgZca9jEfMts9qsR,Latest Trends,Latest Trends,A1 x J1,2021-02-04,158117,69,0.085,0.716,0.513,0.0,0.12,-10.159,0.223,141.894,4
3FMedgGsLUNwx8NciePFEK,Reggae & Calypso (Russ Millions x Buni x YV),One Of A Kind Music Presents: Reggae & Calypso (Russ Millions x Buni x YV),Russ Millions,2022-02-10,141276,73,0.413,0.759,0.803,0.0,0.362,-6.77,0.277,140.994,4
11RIJRbBfyLlJut96itSFd,Energy (Stay Far Away),Energy (Stay Far Away),Skepta,2018-06-20,199521,68,0.345,0.836,0.614,9.86e-05,0.088,-4.543,0.311,101.97,4
5C29RTtzXBODKoZn0aB4zb,FOUND LOVE (feat. Carrie Baxter),FOUND LOVE (feat. Carrie Baxter),NOTION,2021-07-09,136615,60,0.0986,0.754,0.795,0.271,0.0405,-4.565,0.256,130.049,4
3akHSrXZfjmnb8JC35h6iH,Cardboard Box - Happi Remix,Cardboard Box (Happi Remix),FLO,2022-10-07,150638,36,0.449,0.46,0.764,0.0,0.21,-3.51,0.193,93.89,4
6Uj1ctrBOjOas8xZXGqKk4,Woman,Planet Her,Doja Cat,2021-06-25,172626,88,0.0888,0.824,0.764,0.00294,0.117,-4.175,0.0854,107.998,4
7z5G2LOdV8okZn4yWg3q5g,Night Away (Dance) (feat. Tion Wayne),Night Away (Dance) (feat. Tion Wayne),A1 x J1,2022-03-03,175774,72,0.235,0.706,0.552,0.0,0.144,-9.479,0.0833,142.037,4
4FEcEwbE2vsqhxbTPtiNTL,Summer 91 (Looking Back),Summer 91 (Looking Back),Noizu,2021-01-15,180000,70,0.0159,0.509,0.953,3.3e-05,0.28,-4.954,0.0414,125.015,4
2x4IWUXkoHd6eQ9SrUAuxs,Club Controller,Re Mmino,Prince Kaybee,2019-03-08,361750,39,0.00692,0.827,0.87,0.136,0.0438,-8.054,0.0392,125.008,4
7IAMurey3mCF73caRZcdOC,John Vuli Gate,John Vuli Gate (feat. Ntosh Gazi & Colano),Mapara A Jazz,2020-10-16,355033,37,0.00672,0.884,0.679,4.05e-06,0.0353,-9.041,0.0581,113.002,4
3KusE22BUn5yqmjHGWADVz,Y-Tjukuja,Shisa Nyama,Various Artists,2020-08-28,309440,34,0.0177,0.97,0.729,0.0,0.0759,-5.432,0.17,125.036,4
0cI6D4xalZBLOMRs4Huuag,Omunye,Gqom Is the Future,Distruction Boyz,2017-10-20,320000,45,0.00644,0.939,0.873,0.17,0.0892,-5.264,0.0605,126.042,4
75sTLVjlWPUTobrRE6rWLz,"iWalk Ye Phara (feat. Moonchild Sanelly, K.O & Zulu Mkhathini)","iWalk Ye Phara (feat. Moonchild Sanelly, K.O & Zulu Mkhathini)",DJ Maphorisa,2018-06-29,247616,38,0.292,0.879,0.661,2.73e-05,0.172,-3.533,0.123,125.962,4
4sqbcASPcaHxpXhioFi0RE,Makhe (feat. Moonchild Sanelly),Blaqboy Music Presents Gqom Wave,DJ Maphorisa,2017-11-17,371973,44,0.000179,0.94,0.713,0.217,0.0623,-6.766,0.0455,125.013,4
3SSOe4Gr3GjT0d61GQHfgH,Mercedes,Mercedes,Semi Tee,2020-05-22,380373,12,0.00304,0.798,0.533,0.793,0.0317,-13.491,0.0671,112.025,4
3ufryzD3EJwOfQoSmheEGu,Easy To Love,Easy To Love,Bucie,2019-12-09,270445,0,0.106,0.713,0.638,0.0746,0.102,-8.399,0.0344,125.987,4
4RPfIe4EAv326abP6dZBSJ,Xigubu,Xigubu,DJ Ganyani,2020-08-21,350066,28,0.0193,0.864,0.699,0.376,0.0755,-7.688,0.0777,125.982,4
7pie3kUjFeGOGE5Sjy9tN5,"Midnight Starring (feat. DJ Tira, Busiswa & Moonchild Sanelly)",Blaqboy Music Presents Gqom Wave,DJ Maphorisa,2017-11-17,352653,41,0.0192,0.936,0.69,0.000257,0.0822,-6.533,0.095,126.027,4
09zl1Tb8QaW64mMAo3dZOU,Huku,Limpopo Champions League,Sho Madjozi,2018-12-14,213750,36,0.00331,0.864,0.785,2.08e-05,0.0469,-6.985,0.0393,128.0,4
1zXaeLCs72Hg1XBdyrXtqI,Piano Piano,Road to Alfika,Alfa Kat,2019-08-01,274259,29,0.0202,0.85,0.513,0.032,0.081,-5.782,0.0847,107.03,4
6KlOMbkMRBQUFWpYe1z8Nq,Labantwana Ama Uber,Labantwana Ama Uber,Semi Tee,2019-09-20,383577,44,0.0422,0.866,0.623,0.21,0.0529,-9.673,0.0781,112.018,4
5x1j3ERLA6KpIdTi6c4dAS,"Lorch (feat. Semi Tee, Miano & Kammu Dee)",The Return of the Scorpion Kings,Kabza De Small,2019-11-29,374961,41,0.17,0.913,0.681,2.12e-05,0.0677,-9.914,0.0619,112.994,4
34MU6GBnnd9E6l8fNVq547,Gabadiya,Gabadiya,Semi Tee,2020-02-28,420050,33,0.0179,0.805,0.706,0.000294,0.117,-9.947,0.0984,112.007,4
74MtjssrlAPAtxqN6oAGD8,Danger Dinji,Danger Dinji,Movaz Warombosaji Nation,2020-12-25,318432,26,0.209,0.959,0.676,0.0,0.0748,-7.176,0.147,112.985,4
7cVgVA4VO6EaVWvKZGQF9m,"Amanikiniki (feat. Major League Djz, Kamo Mphela & Bontle Smith)",Musical Kings,Mfr Souls,2020-08-14,348531,43,0.0314,0.847,0.692,0.00513,0.0486,-9.038,0.054,113.003,4
7uhOIYLVWbBZ6ISBoyiMrl,Ke Star (feat. Vigro Deep),Sghubu Ses Excellent,Focalistic,2020-12-04,433136,33,0.000955,0.883,0.54,0.0619,0.0528,-8.794,0.0644,112.017,4
6K7TA9kfqjmqcgfmU4pT4u,Gugulethu,Re Mmino,Prince Kaybee,2019-03-08,519334,39,0.0271,0.731,0.698,0.1,0.104,-7.985,0.031,123.028,4
7ytYzBHkEhgF8RPWjCITEB,Wololo (feat. Mampintsha),Wololo,Babes Wodumo,2016-04-29,390112,41,0.000294,0.895,0.751,0.0032,0.0524,-6.373,0.0588,126.053,4
7iPnbJ1W7wus9QqeBtpuII,Getting Late,Getting Late,Tyla,2019-10-25,254557,48,0.0238,0.76,0.626,0.0213,0.129,-10.615,0.0452,114.98,4
2jKhxVBUbGcZgNQOAiKKuW,Mama Amina,Mama Amina,Marioo,2020-11-30,260754,37,0.104,0.827,0.773,0.0154,0.0806,-8.03,0.0429,112.999,4
0ujzok2rT73GoZrokq5Wnc,Shay'mpempe Instrumental - Filtered,Shay'mpempe amapiano mix,Muzzy D Pilot,2020-03-27,349518,43,0.0885,0.906,0.573,0.328,0.0725,-14.479,0.0818,112.997,4
1hRpoVpLcVLhRuhd4XAxRV,Dragon of the West,Sandy Friends,Caleb Grenier,2021-06-04,252857,0,0.544,0.743,0.526,1.22e-05,0.0824,-10.169,0.0364,83.969,4
24Lc4fAKLCNrXbIssLCinr,03/04,03/04,oshul,2021-04-09,206511,0,0.349,0.57,0.627,0.00152,0.0901,-6.294,0.0406,85.987,4
1OApYfqUJfRKj0hMqsXCpm,Fierce Eyes,Fierce Eyes,Not So Poetic,2021-06-04,216163,0,0.0183,0.421,0.796,0.0,0.346,-10.707,0.0406,100.045,4
31MFbR3OtFarYRDgDhYdvv,Jimbo,Jimbo,Fran Ortiz,2021-01-17,169404,1,0.917,0.73,0.175,0.824,0.157,-20.621,0.0961,80.026,4
5VcpewfEIchLWxFyjsj38U,Bounce,F.U.N.,Kace,2021-05-31,155620,0,0.284,0.951,0.737,2.15e-05,0.0914,-7.314,0.154,106.959,4
7ySP5kpSTtRXIzO4izOCbO,WHATSHOULDWEDO?,WHATSHOULDWEDO?,Mixtortion,2021-05-04,164185,0,0.587,0.542,0.863,0.0,0.874,-4.655,0.252,77.499,4
0Ux1Rx1gXNf3wsCT9U4KQy,Cloud Nine,Cloud Nine,Jake Davies,2021-04-14,200000,5,0.418,0.627,0.318,0.922,0.0939,-15.431,0.037,119.99,4
5m0bpTUQHmLhTF65FGwUAL,I'm Done,I'm Done,Dragonis,2017-03-30,169727,0,0.0112,0.58,0.936,0.165,0.413,-5.696,0.146,139.876,4
43vHf1yUh4soOD87LxYC1A,star,growth,pipe 5G,2021-01-01,387885,0,0.883,0.79,0.607,0.937,0.125,-8.715,0.0418,99.018,4
5r1czhIx9M6k8HwiGgrnrN,Westworld,Westworld,Kaotic One,2020-07-08,166791,0,0.269,0.879,0.714,0.0,0.0501,-5.946,0.181,95.012,4
10SdwmAHbBwd6qb0T5WUZa,Sun Still Finds the West,Breakers,Idler Wheel,2020-11-13,207963,0,0.000785,0.341,0.635,0.564,0.156,-8.924,0.0279,140.247,4
3XJ14IuJUUZ9RzvO83If8E,No Help,No Help,Kett & RöNNïN,2021-06-01,171174,0,0.0413,0.928,0.415,0.0104,0.12,-10.653,0.168,100.023,4
3StWTZMLPD10j1PUAdJkyU,Kung Fu Heartbreak,Kung Fu Heartbreak,Q$R,2021-05-27,146666,0,0.907,0.652,0.504,0.219,0.114,-10.722,0.0624,179.997,4
7l1UHiD2iPXyUOLD3LB0e9,Summer,Summer,Yunus Çiçek,2021-04-30,183754,0,0.043,0.614,0.682,0.0101,0.428,-11.271,0.0354,128.023,4
4lYHYpHnPJNxlkOTdRgVsp,Solitude is Addictive,Solitude is Addictive,Dossia,2021-05-31,288545,11,0.429,0.432,0.528,0.000886,0.21,-7.039,0.0735,110.056,4
1fpRyYsRIgvYJxLlld9PwL,you and i,you and i,Wizard Santa,2021-05-31,192000,0,0.00339,0.61,0.79,0.723,0.661,-3.444,0.199,90.06,4
2OSrVspe6ufwmh1oYrnoJQ,alibi,MONOTONIC HE.ART,Pett Ruu,2021-05-14,188475,0,0.00193,0.642,0.653,2.54e-05,0.102,-7.683,0.0964,112.06,4
0WUfl0akDWyX6P1F50pgvY,Through,Through,Perfect Shade,2021-04-17,240218,0,0.0107,0.516,0.745,1.1e-06,0.423,-8.475,0.0289,96.009,4
586db12cUPbF6aB3ZmKkq8,Lady Of The Moon,Lady Of The Moon,Jay Johnson,2021-02-05,230462,0,0.798,0.539,0.286,0.124,0.115,-14.744,0.0322,83.947,4
5eCTLfW5AMgwSTXLx2vsIF,A Night in the City,Night in the City,L-AER,2021-03-31,268812,0,0.000102,0.523,0.593,0.882,0.96,-16.62,0.0473,100.085,4
5YVaejMojPHHWofG3Ur40w,A Night in Vice,A Night in Vice,NiraN,2021-05-28,374173,0,0.00476,0.543,0.881,0.908,0.0867,-5.86,0.038,126.992,4
7agTIrBxFBQyycuHFhM9hC,Anything Anymore,Anything Anymore,Soy Benny,2021-02-07,208050,1,0.515,0.763,0.365,0.207,0.107,-11.578,0.0434,140.094,4
0ff5HAbaDQxyR5151MhQxv,Lavender,Lavender,Die Auster Bunny,2021-06-01,229880,0,0.794,0.551,0.36,8.13e-05,0.155,-6.57,0.0276,86.273,4
0pDWpv2uRmE1rZYlb4VW2s,Indian Summer,inconspicuous,Jeffbvox,2021-04-29,260414,0,0.0366,0.533,0.493,0.0077,0.206,-10.114,0.0299,130.032,4
15B23AY1MT2BgUI5LKLwkJ,Candle,Candle,Zain,2020-10-28,240125,0,0.926,0.644,0.255,0.024,0.119,-14.916,0.0283,89.958,4
1nTAInLYjp0SQFUbjfoxKu,The Matrix,The Matrix,Absol Da Don,2021-05-21,130507,0,0.344,0.545,0.602,8.79e-06,0.11,-7.083,0.367,159.151,4
6xym7xaloOldZTQt1FoYAN,Anything 4 U,Anything 4 U,Angelo Sole,2021-04-11,237609,0,0.212,0.432,0.708,0.0,0.0447,-6.678,0.0598,146.936,4
1ucqMfyA95jpBnHNTHPAuM,Charged Up,Charged Up,BCKR,2021-05-28,172285,0,0.316,0.833,0.519,9.47e-05,0.176,-10.043,0.388,140.002,4
2nZj2RCTfXz0F8Fz6ZB1K3,The Hand,The Hand,Spaghetti Betty,2021-06-04,224493,0,0.113,0.41,0.477,0.28,0.0805,-8.361,0.0375,114.943,4
3BtQtI7VzliTflIWAEJV1H,L.m.f.a.O,L.m.f.a.O,Simo Khzami,2021-05-26,190185,0,0.442,0.756,0.468,0.138,0.111,-10.896,0.0601,119.99,4
4QLl85aLFa9OHeXg0uNgfX,Haymaker,Haymaker,Kaotic One,2020-05-14,164440,0,0.271,0.637,0.853,0.0,0.153,-7.602,0.27,164.897,4
4HJ336ly0eSzH6Y5p6dgzv,honeycomb,honeycomb,Liz Mathiesen,2021-06-03,142500,17,0.994,0.751,0.027,0.897,0.0925,-26.352,0.0526,120.021,3
3NkO75LQg1vBKrpSoxMxxt,Lost in Time,Lost in Time,otysee,2021-06-04,157384,2,0.393,0.577,0.275,0.935,0.533,-19.501,0.0291,129.963,4
2QTlGxRMYKJrMJ7z2Tm0Dw,Skyfall,Skyfall,Elephant Magnet,2021-06-04,188127,0,0.00791,0.737,0.775,0.000158,0.254,-7.038,0.0472,103.0,4
0hwEV0TcM5MbT9HNcRK0Mu,KOMOREBI,KOMOREBI,Late Summer Drive,2021-06-04,381349,10,0.174,0.574,0.453,0.562,0.103,-8.53,0.0286,117.968,4
1DXjFf35ceMPSFHzx0IkD9,Childhood Memories,"Sunday, 6PM",Lazy Jamister,2021-05-15,128000,0,0.947,0.606,0.198,0.95,0.0976,-13.405,0.0403,75.006,4
0gyfqZsk4yT7Jm9LxXOutp,Rupture,Rupture,COFFIIN,2021-02-14,248709,0,0.324,0.46,0.751,0.727,0.147,-8.36,0.044,156.96,4
1wRbiIlwHrZFx6j6gzcTfy,Beautiful Angel,Beautiful Angel,Alex Koss,2021-06-04,151605,0,0.0296,0.372,0.646,0.0,0.106,-5.672,0.0554,143.772,4
2DlbEUcEjUANmFhieQ29L3,...Of Heresy,...Of Heresy,Leviathan Cycle,2021-06-04,197800,0,0.000153,0.292,0.925,0.773,0.239,-6.499,0.143,200.043,4
7nujwihie1bk9jW5ELFNM6,Experiment,Experiment,Vachella,2021-05-28,215111,0,0.0841,0.67,0.987,0.868,0.332,-9.334,0.0369,134.991,4
5lk9HZYGgJS53bwcyoD9qn,The Void,Everybody Has A Face,The Chevaliers,2021-02-15,182786,6,0.000876,0.393,0.982,0.529,0.11,-5.048,0.0951,164.126,4
6FRxI097jdSnBU613oC7qd,Pearls of Silence,Hot Milo,culaccino,2021-05-23,221769,0,0.0216,0.78,0.484,0.00245,0.0551,-9.656,0.0405,105.994,4
2UFksHNAlIzkDypgawab37,REAL MAN,REAL MAN,Poppa Harp,2021-04-30,160026,0,0.0418,0.698,0.634,0.0,0.0952,-13.381,0.61,163.02,4
1wJ8091S6LDc9Frqi4OenK,until it goes away,until it goes away,Escaping Mobil Avenue,2021-06-04,197400,0,0.00486,0.539,0.863,4.87e-06,0.355,-7.711,0.0399,79.989,4
1wlfRibEkzsGaIXVt10S5Y,"Castle Town (from ""The Legend of Zelda: Spirit Tracks"")","Snoozy Spirit Tracks, Vol. 1",Snoozy Booth,2021-06-06,188733,8,0.905,0.568,0.28,0.881,0.104,-15.565,0.0302,109.884,4
0GHsGqiljDZj0pnBxWDSp4,Fake Friends,Fake Friends,Haji Springer,2021-02-17,211169,12,0.00294,0.661,0.723,0.0,0.0853,-8.086,0.0536,121.967,4
1A6GE5iVMYM7psrwtqHmAl,How 2 Find Hope,How 2 Find Hope,OB,2021-05-21,197647,1,0.0716,0.65,0.693,0.0,0.126,-7.693,0.229,170.068,4
5wkSMTxyZjWYt4cuUH7CJB,One Night,One Night,Ryan Bale,2021-05-14,238726,0,0.000177,0.559,0.532,2.13e-05,0.111,-9.856,0.0249,136.04,4
04MLyMUaOQ7GGwYU1aE04Y,Rogue Warbler,Rogue Warbler,Modo Frigio,2021-05-28,293478,0,0.00679,0.535,0.659,0.865,0.078,-12.762,0.0287,122.017,4
4uDg9SiYMWFYO0KNW3hhVD,Baddie,Baddie,04 D'ice,2021-05-03,204840,1,0.305,0.779,0.665,0.0,0.118,-8.285,0.127,149.995,4
7kppyL0pM86piLRzUmp2fa,Insimbi,Selimathunzi,Mthunzi,2020-01-24,277906,37,0.182,0.708,0.779,0.00363,0.123,-8.408,0.0535,119.975,4
428JKI7aO86RjJh0uqG9fg,Into Ingawe,Into Ingawe,Sun-El Musician,2019-06-07,270818,48,0.386,0.613,0.725,0.0205,0.113,-9.856,0.0475,108.017,4
7jpE6bWODjuZXeeFiNpgIJ,Iyeboh,Iyeboh,The Nameless Band,2020-04-10,355493,5,0.0481,0.843,0.638,0.828,0.0544,-6.192,0.0628,125.005,4
1Eum24tziiY0sRBRx7hWBb,Ubomi Abumanga,Ubomi Abumanga,Sun-El Musician,2020-05-29,332533,48,0.0628,0.772,0.71,0.769,0.0551,-11.52,0.0399,117.009,4
6pJ30zW19cOeAbcVrtMwSW,Ngize Ngifike,Ngize Ngifike,Azana,2020-06-19,190160,19,0.0895,0.657,0.601,0.859,0.0956,-9.721,0.0334,119.963,4
1CJgvXz6dVKCHPnH8x0g5X,Batho Bana,Batho Bana,2Point1,2019-05-17,238012,32,0.303,0.863,0.743,0.0598,0.128,-9.346,0.041,121.981,4
7wL2RB6mQ6HZk3EvXor60C,Ndincedeni 2,Ndincedeni 2,Professor,2020-03-20,244285,33,0.25,0.799,0.842,0.197,0.111,-5.78,0.0303,111.994,4
4Uzg3pALh2Sv5pgxeOmAxo,Iphupho Lami (feat. Skyewanda & Masuda),Iphupho Lami (feat. Skyewanda & Masuda),Goldmax,2020-06-19,205107,16,0.268,0.721,0.632,5.78e-05,0.0878,-7.166,0.035,123.985,4
0qJa93Vo8JZrWgOqyQhexr,Kobanini (feat. Nomcebo & T-Love),Kobanini (feat. Nomcebo & T-Love),Mobi Dixon,2019-10-25,358904,30,0.0106,0.777,0.61,0.317,0.0513,-7.768,0.0514,125.017,4
0RHz6Vire0nWHcvwC6bvPf,Uvalo (feat. Ndu Shezi),Uvalo (feat. Ndu Shezi),Mvzzle,2020-04-24,360868,11,0.0526,0.779,0.604,0.0,0.0874,-5.718,0.0421,122.952,4
5dOqtqULLi5rCtmouf7gPi,Remedy Level - Edit,Remedy Level,LaSoulMates,2020-06-19,234285,2,0.0357,0.695,0.86,0.0846,0.206,-8.81,0.0304,126.032,4
1DjMQI5kdodOoW5qDxqmMZ,SUGA,Vibez,DJ Mshega,2019-11-01,309506,12,0.0238,0.781,0.599,0.018,0.0334,-12.464,0.0418,119.989,4
1CuLDXJZw8JuP6wCJw90Ko,Fetch Your Life,Re Mmino,Prince Kaybee,2019-03-08,340665,49,0.384,0.786,0.477,0.195,0.111,-12.54,0.0556,124.003,4
36OlTE2Dvuek4h4hXmf9FX,Sphesihle (feat. Mthunzi),Sphesihle (feat. Mthunzi),Thabsie,2019-11-08,272260,45,0.274,0.713,0.544,0.0,0.0789,-9.964,0.0892,91.991,4
3GjKqFWVkN8xlP5Yldr2Le,Turn You On,Turn You On,Mi Casa,2015-02-23,302106,48,0.176,0.849,0.541,0.00514,0.275,-7.372,0.0406,124.001,4
1TnxFLmkEkUfiof9PwaJaM,Yasha Imizi,Circle of Life,Claudio x Kenza,2020-02-28,296000,24,0.0426,0.739,0.692,0.876,0.0885,-8.949,0.0416,121.01,4
0Bl8N02J5qjjLRk2SlH3Jc,Uhuru,Uhuru,Sun-El Musician,2020-04-17,287689,39,0.0296,0.579,0.88,0.907,0.0902,-8.251,0.0397,110.026,4
1OG9dw1czwSSPP5gpSfbjD,Da Lawds Prayer (feat. Bontle Smith),Mambisa,Various Artists,2019-11-28,438152,14,0.0189,0.824,0.74,0.166,0.028,-10.384,0.0503,113.999,4
1SpyVRR3QnkLeB8Rg0T0k2,Tsokombela,Tsokombela,DJ Ganyani,2020-05-23,315966,6,0.00667,0.797,0.731,0.133,0.129,-7.236,0.0593,116.999,4
1GsmyDal2cPoAiuUIwWjAQ,Mpororo,Circle of Life,Claudio x Kenza,2020-02-28,370146,8,0.00371,0.864,0.794,0.888,0.0373,-7.674,0.0505,125.986,4
0Khta2SiNQVJ6wBgiS331o,Phesheya,Shonamalanga (EP),Mas Musiq,2020-04-17,399290,25,0.0233,0.847,0.517,0.277,0.0471,-15.468,0.0637,112.999,4
2YXf32CaC2PzXIgmRb2GK2,"eMcimbini (feat. Aymos, Samthing Soweto, Mas Musiq & Myztro) - Live",Scorpion Kings Live,Kabza De Small,2020-02-03,407787,48,0.00646,0.844,0.564,0.163,0.0231,-10.817,0.0855,112.996,4
1kFqoBTG9bernFQUAC5e0S,Your Body,Su Casa (Europe Release),Mi Casa,2014-08-26,219920,38,0.0197,0.91,0.592,0.000449,0.112,-7.522,0.0498,124.046,4
6GzlnKE33mZDmzDSihuq8t,Emazulwini (feat. Nomcebo) - Mas Musiq Remake,Mambisa,Various Artists,2019-11-28,454901,18,0.0258,0.827,0.748,0.306,0.0283,-11.709,0.0592,114.003,4
31ukTS7IhCfzqi2nBwdPYb,Umaqondana,Umaqondana,Azana,2020-07-03,304906,16,0.035,0.698,0.785,0.0102,0.0725,-8.639,0.0487,119.994,4
5A70McnYpUEuTcZiQK4CiF,Sondela,Nostalgia,TRESOR,2019-01-25,273066,51,0.424,0.727,0.441,0.369,0.0988,-12.213,0.0398,109.037,4
026nX3YmiDNYheiNTyLj31,Shiya Phansi,Shiya Phansi,Claudio x Kenza,2020-01-17,264373,1,0.0596,0.777,0.773,8.17e-05,0.085,-7.309,0.0541,112.998,4
1ySrv5CK5gHnehduj5xL0T,Ub'Ukhona (feat. ShaSha),Shonamalanga (EP),Mas Musiq,2020-04-17,424776,33,0.00738,0.83,0.509,0.647,0.0417,-13.631,0.107,113.0,4
0IORx4OdBhBSqdmxf6HYig,Your Love,Your Love,Azana,2020-05-22,228600,26,0.655,0.614,0.53,0.0402,0.0876,-9.877,0.0375,94.909,4
3JpoM324kjnJDrjCXTFiqP,Yes You Do,Re Mmino,Prince Kaybee,2019-03-08,346310,21,0.00227,0.841,0.535,0.237,0.0943,-9.137,0.067,123.025,4
7KagcNrstnN5H2se1UUkMb,Falling For You,Shonamalanga (EP),Mas Musiq,2020-04-17,382299,35,0.206,0.808,0.629,0.165,0.0306,-12.234,0.0488,112.995,4
7BBPfDLjooHAEAQiIOz8HI,I Rise - Radio Edit,I Rise (Radio Edit) (feat. Msaki),Black Motion,2019-06-21,236170,31,0.024,0.753,0.747,0.0388,0.176,-8.66,0.0523,125.012,4
2MruuZoi0Au3wBgEQhSzso,Everything - Edit,The Healers: The Last Chapter,Black Motion,2020-09-24,223976,32,0.0592,0.521,0.674,0.685,0.0846,-9.138,0.273,210.005,1
7uWjJqLMacCGJtP5K99nmn,"Mthande (feat. Riky Rick, Sha Sha, DJ Maphorisa & Kabza De Small)",Mambisa,Various Artists,2019-11-28,377935,44,0.00177,0.806,0.757,0.153,0.0241,-10.503,0.0444,112.019,4
41ASyTnK923DjwNNYaFhm6,Thandolwethu,Thandolwethu,Mafikizolo,2020-06-26,330614,27,0.0352,0.781,0.651,0.193,0.0626,-8.776,0.0478,122.006,4
3GFSDvZNZPz0B7odw89yHN,Bambelela (feat. DJ Maphorisa & Kabza De Small),Shonamalanga (EP),Mas Musiq,2020-04-17,393473,41,0.0063,0.802,0.598,0.616,0.0261,-11.342,0.0537,113.02,4
3gq35iViL1FJeFsKaR1hhp,Iyakhala,Iyakhala,Tsheps & Mash,2020-08-07,408625,12,9.51e-05,0.793,0.591,0.78,0.107,-10.938,0.0561,119.995,4
0x4ztt2M1TPoLYBr1qXaLH,Oh Na Na,Oh Na Na,Donald,2020-08-14,355095,8,0.0691,0.745,0.459,0.0376,0.0721,-8.821,0.0456,124.979,4
3CpNByGHjIByYk53Ycvpuq,Rhandza Wena (feat. TO Starquality),Shonamalanga (EP),Mas Musiq,2020-04-17,407785,26,0.00547,0.841,0.772,0.802,0.0485,-14.307,0.0569,112.993,4
5yqWA3hCeRAMphpb5FAdWP,Camagu (feat. Nichume & Blomzit Avenue),Camagu (feat. Nichume & Blomzit Avenue),Mobi Dixon,2020-02-05,325845,26,0.0468,0.793,0.696,0.109,0.0665,-7.867,0.0448,125.975,4
5g6uznSOJ446jA1UZ76D69,Marry Me - Edit,Marry Me (Edit) (feat. Msaki),Black Motion,2020-08-28,287901,19,0.22,0.671,0.873,0.338,0.0932,-6.915,0.0583,114.937,4
5rV6ICYm2WvgD0zXMCMPbz,Zaka,Zaka,Slezzy K,2020-07-03,165023,0,0.237,0.656,0.692,0.0,0.0878,-6.403,0.263,89.986,5
7BUUwjuAjTCKp9P6mCBqkL,Somnyama,Somnyama,DJ Kabila,2019-05-24,404000,21,0.00119,0.692,0.795,0.14,0.128,-7.096,0.0347,119.985,4
73bWPGjh6yjmIV7BpqdkPR,Yehla Moya - Da Capo & Nduduzo Makhathini Remix,Yehla Moya (Da Capo & Nduduzo Makhathini Remix),King Fela,2020-05-15,417906,26,7.23e-06,0.716,0.734,0.521,0.0637,-7.479,0.0459,115.996,4
5OOeLnVCaUUnBviiM5J46E,Bayethe,Bayethe EP,DJ Qness,2020-08-21,471034,32,0.232,0.639,0.624,0.833,0.106,-9.337,0.0386,123.005,4
2zK0dhPMkWTLntkcdrcygN,Njamba,Njamba,Suraj,2020-06-19,445675,16,0.133,0.838,0.533,0.133,0.0683,-9.173,0.0454,125.002,4
63fQtz9sjyb8Ly5ce79ch1,Sweet Wine,Sweet Wine,Mi Casa,2020-03-26,240000,20,0.0442,0.837,0.767,0.0238,0.0192,-6.051,0.0423,122.014,4
3RoQTkYqtetNvEOYkStDSg,Uleleni - Edit,Uleleni (Edit) (feat. Ami Faku),Black Motion,2020-09-11,245200,14,0.05,0.81,0.728,0.00159,0.0421,-8.109,0.0612,120.043,4
6IVjF6tfGdFBZr4wXhMRtC,Akulaleki,Akulaleki,Samthing Soweto,2019-08-30,381586,37,0.143,0.895,0.674,0.0726,0.0578,-8.694,0.0882,116.013,4
2jkmZ2bTa9eckZLutpeeNm,Awe Ma,Awe Ma,Miss Twaggy,2020-09-18,260000,2,0.076,0.756,0.56,0.339,0.101,-9.585,0.0792,119.981,4
3peytwnbQgA7xEhtovNySA,Found You,Found You,Da Capo,2017-10-13,353736,32,0.272,0.704,0.446,0.817,0.111,-13.704,0.0569,121.91,4
2tjbSkPKKH1GFUhSr96tq0,Oh My Gawd (feat. Nicki Minaj & K4mo),Oh My Gawd (feat. Nicki Minaj & K4MO),Mr Eazi,2020-09-10,180000,24,0.151,0.817,0.866,0.0,0.0946,-3.86,0.216,94.007,4
0IORx4OdBhBSqdmxf6HYig,Your Love,Your Love,Azana,2020-05-22,228600,26,0.655,0.614,0.53,0.0402,0.0876,-9.877,0.0375,94.909,4
7MtpW10epOD3sUtURL5ZDu,Nobody,Nobody,DJ Neptune,2020-03-06,145860,52,0.251,0.707,0.866,2.5e-06,0.263,-3.612,0.0354,108.053,4
4f2pbMCBo4NONUWsTIm6H3,No Thinking,No Thinking,Nova,2020-08-07,207802,1,0.158,0.8,0.686,0.0,0.115,-5.024,0.146,95.058,4
1pLOxV11pQRIyHnGIVZVDH,Surrender,"Life is Eazi, Vol. 2 - Lagos To London",Mr Eazi,2018-11-09,162102,40,0.0214,0.859,0.659,2.8e-05,0.0813,-5.515,0.0965,120.02,4
6xe6BocwJcN1MIipYaHdkV,Dabebi,"Life is Eazi, Vol. 2 - Lagos To London",Mr Eazi,2018-11-09,178106,39,0.266,0.879,0.756,0.0,0.186,-4.503,0.0533,105.175,4
2cf3SkA0LxOMJmo6GAMHTB,Emazulwini,Ganyani's House Grooves 10,DJ Ganyani,2017-11-17,312960,46,0.0629,0.763,0.722,0.744,0.045,-10.628,0.0582,124.996,4
0Df1EhQBA1RH2gEbaFywqM,Ingoma (Bamba Amakhanda),Ingoma (Bamba Amakhanda),Mkeyz,2020-09-04,337710,5,0.0107,0.892,0.458,0.782,0.0767,-12.537,0.0633,113.989,4
5NkvKJem8BSNcZXsgNZpMI,Sho Mo Mi,High Tension,Bella Shmurda,2020-01-27,154615,40,0.21,0.721,0.58,0.0,0.176,-6.509,0.267,104.23,4
6u88i4DmQG9rsN4UTKQEhj,Inside,Inside,TheOnlyRosa,2018-01-17,186945,14,0.388,0.558,0.725,1.21e-05,0.091,-5.303,0.265,207.677,4
5aDAwf4fABN9oZ52PDbX2o,Price to Pay,Price to Pay,Miss Pru DJ,2020-05-08,325871,41,0.22,0.666,0.504,0.0,0.113,-8.032,0.058,163.457,3
7I2mvPzyARW1wfIDppgtBk,Counting Sheep,Counting Sheep,Jay Hardway,2019-08-16,164460,11,7.67e-05,0.721,0.818,0.000379,0.262,-5.254,0.0316,125.074,4
7jIwGaXqpW3baYVQoXPcrg,Butterfly Effect,Butterfly Effect,Curbi,2015-11-13,184370,29,0.0201,0.427,0.968,0.00905,0.516,-0.9,0.233,126.336,4
5gXKDmafOQ8i4lYr62wxTk,Deep Jungle Walk,He.art,Astrix,2016-02-29,555704,60,0.000658,0.618,0.885,0.502,0.37,-8.347,0.0454,138.029,4
2fovN88nMPZhATtCNeNaqM,Adhana,Adhana,Vini Vici,2018-01-01,460869,56,0.00808,0.593,0.992,0.822,0.165,-6.58,0.0724,138.052,4
3v2oAQomhOcYCPPHafS3KV,Opus,Opus,Eric Prydz,2016-02-05,543453,66,0.000702,0.275,0.721,0.821,0.0792,-6.222,0.0359,125.156,4
2L7qzGqRIWrLw2YDdB6azz,"Divine Moments of Truth - Astrix, Loud & The Lost Secret Door Remix","Divine Moments of Truth (Astrix, Loud & The Lost Secret Door Remix)",Various Artists,2017-03-06,600410,34,0.0194,0.454,0.766,0.433,0.366,-6.856,0.0564,140.008,4
0So7RRwiYYIKH63BFCu58N,Ineffable Mysteries,Ineffable Mysteries From Shpongleland,Shpongle,2009-10-28,625906,26,0.00636,0.59,0.72,0.272,0.63,-7.376,0.0335,105.003,4
2Xf6k7niuuyfY1aiHTe52d,Take A Chance,Take A Chance,Oliver Heldens,2020-02-14,220810,42,0.000556,0.594,0.929,0.64,0.14,-5.36,0.0352,125.004,4
5aLH3GQgqlJhkrjM8tu9yP,Resonance,Resonance EP,Calvin Logue,2020-06-19,240000,27,0.283,0.682,0.897,0.607,0.152,-5.952,0.0989,126.019,4
1824cJezpL5B278zaSEoGG,Control,Resonance EP,Calvin Logue,2020-06-19,230156,17,0.0851,0.614,0.988,0.856,0.14,-6.664,0.0707,127.986,4
09c49mXu0SOt4qLc9QNlme,Mysteryland,Mysteryland,Calvin Logue,2018-11-19,203809,23,0.142,0.545,0.983,0.923,0.0988,-3.646,0.0498,125.999,4
2BiPS0ejeyCHWvotD7HMpj,Stay With Me,Stay With Me,Calvin Logue,2019-09-16,222580,11,0.258,0.645,0.99,0.242,0.195,-2.137,0.201,123.981,4
1HrMWH5GUdK6Yi94rbANJA,Cola,Cola,CamelPhat,2017-06-16,223869,74,0.0245,0.706,0.74,0.512,0.135,-7.904,0.0325,122.007,3
6TR0FGw4zhlGbQALN065AI,Breathe,Breathe,CamelPhat,2018-11-16,194232,66,0.00646,0.595,0.877,0.0879,0.398,-7.414,0.0442,125.015,4
5pmpN7RtQBBBqxramwHcPB,Somnia,Somnia,Jay Hardway,2016-09-19,168000,24,0.000419,0.554,0.822,0.74,0.114,-5.922,0.0545,119.988,4
3CmUXmrh17WIaQOQu9OVha,Hypercolour,Hypercolour,CamelPhat,2020-06-26,209081,49,0.0183,0.643,0.789,0.52,0.0901,-7.165,0.0322,122.035,3
6rO7Ljvkmj4ESCIcGEsVdT,Rabbit Hole,Rabbit Hole,CamelPhat,2019-11-08,189498,52,0.00986,0.602,0.866,0.0234,0.203,-6.913,0.034,123.988,4
614hTK5Y7ZuafgNtxT5Gmp,Freak,Freak,CamelPhat,2020-03-26,337972,40,0.016,0.791,0.937,0.694,0.0797,-6.879,0.0479,126.009,4
6lg0Md3xQ7U5EYAcsnysiv,Butterfly Effect,Carte Blanche,DJ Snake,2019-07-25,204800,42,0.00407,0.224,0.644,0.252,0.537,-7.276,0.0386,149.822,4
3SC6AMW3CjBOlx5GLvWNbt,The Prayer (feat. Zafrir),The Prayer (feat. Zafrir),Timmy Trumpet,2020-06-12,165000,54,0.00294,0.5,0.904,0.0928,0.518,-3.142,0.0541,160.046,4
0y3VbJU7mDnaUboUrVj1I4,PSY or DIE,PSY or DIE,Carnage,2016-07-18,187093,51,0.00209,0.484,0.756,0.314,0.3,-4.379,0.0579,139.9,4
2iL4mShglCUTKe4vQJMSqp,FUCK YEAH (feat. Toneshifterz),FUCK YEAH (feat. Toneshifterz),Timmy Trumpet,2020-03-13,191987,44,0.0141,0.638,0.956,8.7e-06,0.761,-3.3,0.136,150.073,4
4nyqcnj3pTl72hFsJCO0S5,The People - Dimatik Remix,The People (Dimatik Remix),KSHMR,2019-11-13,195096,40,0.00114,0.628,0.987,0.677,0.324,0.427,0.184,155.003,4
3MhymzaFcj7bXVJzB0ZJb8,Tricky Tricky,Tricky Tricky,W&W,2019-11-11,162302,59,0.0146,0.632,0.962,0.53,0.297,-3.311,0.302,139.051,4
7jvrBivTkVKjaoH25guz6n,Nah Nah,Nah Nah,Carnage,2019-09-20,169641,36,0.00954,0.683,0.976,0.864,0.136,-2.356,0.112,149.947,4
46eI4JcWjax7ARjZ35CdMB,Rubber Bands,Rubber Bands,Timmy Trumpet,2019-08-02,128050,41,0.000552,0.614,0.817,0.818,0.399,-6.992,0.0723,149.946,4
6FwvvtAuHIvdeupkTpaTRN,Mufasa,Mufasa,Timmy Trumpet,2018-11-26,167142,52,0.00845,0.359,0.976,0.623,0.288,-2.285,0.0932,139.938,4
09pW7wXspkEkd8gjE93prk,Rockstar (feat. DV8),Rockstar (feat. DV8),Timmy Trumpet,2018-10-15,211403,45,0.000497,0.382,0.973,0.0349,0.925,-5.749,0.139,127.528,4
2nUOU68d5TGSGpnCd7gI05,Scarborough Fair - Spotify Version,Scarborough Fair,Timmy Trumpet,2018-06-22,237377,39,0.0069,0.536,0.895,0.388,0.395,-5.904,0.0535,150.05,4
61IktHTlHcUGQxvHrzA8jm,Toro,Toro,Timmy Trumpet,2018-05-25,203580,41,0.00149,0.466,0.954,0.787,0.156,-2.935,0.0804,160.056,4
3QjCmtOcE0GoiExw1XXcjw,The Underground,The Underground,Hardwell,2018-01-22,179200,49,0.000186,0.497,0.944,0.333,0.483,-3.701,0.0451,150.024,4
6FzjJPwf5JzzFOei7h6Qrp,Great Spirit,The Best Of Armin Only,Armin van Buuren,2017-05-13,215773,56,0.00609,0.591,0.911,0.0123,0.223,-7.975,0.0661,103.517,3
5KC7ginqShi7mhDQLttQh0,Get in Trouble (So What),Get in Trouble (So What),Dimitri Vegas & Like Mike,2020-06-05,161739,64,0.000206,0.558,0.99,0.376,0.0797,-3.877,0.128,138.074,4
69pnjAws2uzNZJEK64p9JI,Moyoni,Moyoni,Vini Vici,2019-11-08,217391,45,0.0132,0.614,0.989,0.0176,0.112,-4.724,0.194,103.485,3
3FfWLi2e80rgn2Q02OhcbR,Galaxy,Galaxy,Paul van Dyk,2019-09-16,236521,39,0.00805,0.618,0.937,0.213,0.738,-5.682,0.0559,138.023,4
5Uj0VnayJKOuP9GmmDPNOx,Untz Untz,Untz Untz,Dimitri Vegas & Like Mike,2019-05-17,198583,55,0.00596,0.678,0.967,0.73,0.0694,-5.296,0.089,138.019,3
7IVGtjdoOS95iArvhfCMif,Karma,Karma,Vini Vici,2019-04-05,223192,38,0.00274,0.337,0.995,0.518,0.208,-4.075,0.0843,103.496,3
7cVaJvsIIcgzSdH204p2CX,The House Of House,The House Of House,Dimitri Vegas & Like Mike,2018-03-30,267040,49,0.144,0.565,0.892,0.801,0.0385,-5.221,0.0672,139.957,4
6UWZP82Q9I7lUtQaPBWJL7,Chakra,Chakra,W&W,2017-09-18,203000,48,0.00446,0.474,0.94,0.00172,0.417,-4.558,0.261,103.483,3
2WfjOtTI19qGwpjknDQ54N,Colors - Original mix,Colors,Avalon,2016-11-14,487391,36,0.00262,0.607,0.979,0.626,0.284,-6.828,0.056,137.996,4
0B5i5ZFDnUIn1BF806uk7e,Namaste - Static Movement & Off Limits Remix,Namaste,Vini Vici,2016-07-26,481739,20,0.00269,0.634,0.804,0.857,0.224,-6.149,0.0448,138.001,4
19wgIwKRVTuKbKJB0lnCG5,The King,The King,Timmy Trumpet,2020-07-03,153200,55,0.0961,0.797,0.656,0.49,0.0461,-5.74,0.0948,149.998,4
4ed4uYS14kvMiwBeiq2xRe,Tribal,Tribal,22Bullets,2020-03-13,149552,21,0.0273,0.647,0.89,0.844,0.112,-6.111,0.0783,133.999,4
1qRqb6mWhR79LCWruyW3eu,Hava,Neon Future IV,Steve Aoki,2020-04-03,259587,40,0.00999,0.609,0.946,0.0545,0.195,-5.104,0.291,149.967,4
2Byxr0ooaeLayBBaVLup67,Punjabi,Punjabi,Timmy Trumpet,2017-09-25,210211,59,0.000291,0.358,0.923,0.196,0.074,-3.722,0.143,149.938,3
3DByxA4MRvkBR8DPEFnrgr,Kalinka - Dimitri Vegas & Like Mike Edit,Kalinka (Dimitri Vegas & Like Mike Edit),Timmy Trumpet,2020-05-22,160668,52,0.0065,0.514,0.936,0.0297,0.0728,-3.517,0.23,127.914,4
2fSuULcE8VMeOHxBsXIy0d,War of the Gods,War of the Gods,Dimatik,2019-05-04,178285,44,0.00162,0.628,0.989,0.00632,0.228,-2.995,0.388,139.923,4
016keV9aVjyKfwrF1ntPFF,Outer Space,Outer Space,MR.BLACK,2019-03-06,180000,30,0.00031,0.382,0.937,0.27,0.162,-2.776,0.0764,138.055,4
6NtUUoGuIZCQSDpX3NMGNZ,Maya,Maya,MR.BLACK,2020-03-18,186304,22,0.0323,0.594,0.806,0.0303,0.171,-3.022,0.0454,138.048,4
05kVyNUR9uibHta4jcGTTv,Innerbloom,Bloom,RÜFÜS DU SOL,2016-01-22,578040,77,0.126,0.729,0.72,0.347,0.178,-6.692,0.037,122.011,4
01RVEFIhBmrj4Bgm9Dbtns,Chill Vibes,Chill Vibes,Avom,2020-01-31,200571,0,0.172,0.856,0.522,0.0771,0.103,-14.721,0.0592,139.997,4
2YEtuY7LILYtTkXTmd1y5R,Need Your Body,Need Your Body,Avom,2020-06-05,212571,0,0.032,0.635,0.573,0.131,0.322,-11.473,0.0434,140.064,4
0jEc0BmrgMIJLsG2VqAr29,Jinawi,Stories Behind The Music,Avom,2018-12-08,249888,0,0.00067,0.439,0.696,0.0162,0.398,-7.476,0.179,178.814,5
0qEpm9MVJgrG1pSnKcIPIt,Tanga,Stories Behind The Music,Avom,2018-12-08,222861,0,0.196,0.718,0.8,0.39,0.0522,-5.663,0.0346,139.986,4
5zd7fzIAM1f8eNALwsg21q,Ijk,Stories Behind The Music,Avom,2018-12-08,176000,0,0.0423,0.817,0.749,0.171,0.103,-8.41,0.0519,105.001,4
27YD36FUikKxbp3bKSiKGZ,First Time (feat. Dylan Matthew),First Time (feat. Dylan Matthew),Seven Lions,2018-10-12,297782,61,0.251,0.422,0.677,3.55e-06,0.16,-5.76,0.0365,150.131,4
3RaXvdP3mefcmxvBGm0rzI,Follow You Home,Follow You Home,Far Out,2023-06-16,262173,42,0.0337,0.469,0.633,6.49e-06,0.13,-7.281,0.0353,91.961,4
1gnYZJ13MLIRFexETWGDEo,From Ashes To Love,From Ashes To Love,Jason Ross,2023-02-10,265600,43,0.0613,0.392,0.753,0.000399,0.0864,-4.831,0.0484,150.028,4
47kEJq44ZBrRBD4gvdCu0v,Where You Are - GRiZ Remix,Where You Are (GRiZ Remix),John Summit,2023-06-02,240000,66,0.0357,0.333,0.79,3.08e-06,0.704,-4.334,0.0492,139.437,4
7K3RgukdPFTSOsOaqeqVRB,Stop Thinking (feat. Lights),Beyond The Veil,Seven Lions,2022-10-21,292633,53,0.309,0.387,0.595,1.49e-06,0.0618,-5.831,0.0397,170.079,4
21vhzb5v7QJXXyBAPAWJNB,You Were Right,You Were Right,ILLENIUM,2023-04-27,235200,44,0.0412,0.501,0.76,0.0,0.12,-5.582,0.053,149.658,4
2VaOJEHR9U3Q6SlG8TZN5j,Meant To Be Lonely,Meant To Be Lonely,Ray Volpe,2023-03-17,214285,51,0.0498,0.473,0.725,0.0,0.172,-3.669,0.0428,140.146,4
6AoG52kxfptY0QBQnjuQOe,Hollow,Hollow,Dabin,2023-01-20,240000,62,0.000368,0.451,0.915,2.12e-06,0.383,-3.325,0.0727,145.069,4
7hCZVX8ogwzgszIKtkD6Bv,One More Day (with Chandler Leighton),One More Day (with Chandler Leighton),Jason Ross,2021-03-26,272000,47,0.122,0.444,0.719,5.3e-06,0.115,-3.513,0.0666,149.941,4
1Ooi1dUoSxJyXZ2v1a3cjj,Survivors,Survivors,OBLVYN,2023-06-02,213046,32,0.0449,0.61,0.433,0.0,0.11,-9.368,0.072,127.993,4
6LR3DEPjNAIQfpmrT7ishi,Homesick (feat. SOUNDR),Lost,MitiS,2021-04-09,328275,42,0.246,0.374,0.659,0.00104,0.0991,-5.427,0.0438,173.892,4
2U0pVx4m1Kdm1Gsjjm6iq8,Strangers,Worlds Apart,Seven Lions,2014-04-29,204120,50,0.0142,0.579,0.697,1.6e-06,0.157,-7.429,0.0394,129.967,4
1suqXPrYygZ7BYiSfaVZE4,Blame Myself,Fallen Embers,ILLENIUM,2021-07-16,230571,59,0.0523,0.392,0.737,0.000141,0.244,-3.882,0.0857,139.956,4
6AkEP2vEcpTRn2ilHVPNsa,Every Time (feat. So Below),Every Time (feat. So Below),Seven Lions,2022-07-29,342008,53,0.00047,0.352,0.871,0.000764,0.238,-3.696,0.0768,146.014,4
5sGm4JoUGhd40NYlXMfnPw,Talk To You,Talk To You,Blanke,2023-04-06,246260,47,0.0309,0.541,0.783,0.0,0.141,-3.912,0.0645,115.012,4
5GmhrrcziQz36B3R4AyJYE,Freesol,Where I Won't Be Found,Seven Lions,2017-06-05,210884,52,0.0987,0.443,0.727,9.35e-06,0.118,-5.171,0.0984,74.827,4
3AsCaUpOdqmQYtNsEonbvx,Last Forever,Last Forever,William Black,2023-06-09,202714,49,0.227,0.581,0.752,0.0,0.265,-4.629,0.0524,140.031,4
1dlJQt9NLH5iFCIeiVz5lX,Gold (Stupid Love),Apex,Excision,2018-08-14,295890,40,0.0014,0.363,0.735,0.000119,0.13,-3.857,0.0428,145.556,4
1MLSe5mPMi5Vn6PDwzmUJy,Pathfinder,Pathfinder EP,STAR SEED,2023-05-26,240000,30,0.135,0.601,0.813,1.67e-05,0.104,-3.351,0.134,149.776,4
1FRFgyPNuqfXIRYlCJ1kwR,Days to Come (feat. Fiora),Days To Come EP,Seven Lions,2012,284262,46,0.117,0.467,0.723,3.49e-06,0.186,-7.101,0.0536,139.995,4
1sAyfWbmgrT7HganHgLSYQ,Picture,Picture,SLANDER,2022-12-30,207272,58,0.203,0.36,0.574,0.0117,0.105,-6.557,0.0434,132.097,4
4dt4MyGRdBmpAukq0r5GuX,Art Of Letting Go (feat. James Gillespie),Discovery,NURKO,2023-06-02,202788,51,0.363,0.531,0.707,0.0,0.283,-4.752,0.0961,139.78,4
1U4EJlYgHHuEzZPgiuUvEH,Back Now,Back Now,Last Heroes,2023-06-02,222000,42,0.0208,0.632,0.607,0.0,0.0678,-5.649,0.0442,120.009,4
3HKiR4t12GW18bnPUVhx5l,Island (feat. Nevve),Island (feat. Nevve),Seven Lions,2019-01-04,278400,57,0.0456,0.427,0.836,0.00238,0.369,-3.323,0.0466,150.128,4
02oT3HvcsXD64VwOBtH8yM,Hearts on Fire,Hearts on Fire,ILLENIUM,2020-12-25,236317,54,0.0088,0.365,0.765,2.06e-06,0.0959,-4.449,0.0416,179.955,3
6HfZTdkheqDGQQwQGRV8et,Love Is Gone,Thrive,SLANDER,2022-09-22,254136,58,0.0644,0.426,0.586,0.000542,0.0992,-6.279,0.0358,152.205,4
075frt5ViwzxiNyfyzivMW,Empty Oceans (feat. Matluck),The Way Back Up,Trivecta,2022-05-13,258461,40,0.00872,0.364,0.734,1.46e-05,0.0789,-5.795,0.0397,130.058,4
0aDYbKm7Cwe3rkjihsj7S6,Constellation,Constellation,Far Out,2020-03-13,172804,54,0.172,0.342,0.842,1.44e-06,0.339,-4.159,0.0855,149.922,4
61hscfv9OVgxG7KXjkpoTB,Vertigo,The Noodle Effect,Spag Heddy,2023-06-16,227458,35,0.302,0.511,0.799,0.000103,0.0793,-1.936,0.068,149.544,4
6BDLcvvtyJD2vnXRDi1IjQ,Rush Over Me,Rush Over Me,Various Artists,2016-10-10,259555,60,0.0701,0.441,0.753,0.0,0.027,-4.074,0.044,135.015,4
6eULCR6SKmHl9TwhVdF80c,Seasons,Submersed,Sully,2023-06-13,251473,23,0.0244,0.55,0.866,0.00424,0.0906,-5.347,0.0598,179.971,4
7GnOfVf6VQVHAUfNdHpKcn,Alive (feat. Opposite the Other),Beyond The Veil (Deluxe),Seven Lions,2023-02-17,205037,42,0.091,0.31,0.665,0.0,0.268,-5.256,0.0347,147.924,4
2g9vY91OCirbr91b0fEBfa,Disappearing Now,Disappearing Now,NURKO,2021-11-12,291428,47,0.252,0.295,0.713,1.48e-06,0.158,-4.517,0.0559,153.758,4
1SFA5zEVOsLhEg7ynbvQFT,Luv Me A Little,Luv Me A Little,ILLENIUM,2023-01-20,224615,64,0.168,0.478,0.769,0.0,0.156,-5.092,0.0448,155.998,4
3a4TQLZxDovXEdZGN8McsR,Every Time (feat. So Below),Beyond The Veil,Seven Lions,2022-10-21,342008,47,0.000473,0.35,0.869,0.00079,0.222,-3.695,0.0773,146.009,4
4Y3hmcRgFw88qJnXGzCwkq,Start It Over (feat. KC),Start It Over (feat. KC),Last Heroes,2022-04-29,195600,46,0.00575,0.504,0.838,0.0,0.0708,-5.128,0.139,100.01,4
06lTnA61hL6EWnhVx6B0SL,Drown - Blanke Remix,Drown/Holding On (Remixes),Dabin,2021-07-23,271058,36,0.00598,0.42,0.891,0.0,0.367,-2.588,0.128,169.996,4
4r9qyANhnnv7q2ENG2ggre,Sail Away (feat. Jay Mason),Sail Away (feat. Jay Mason),Trivecta,2022-02-18,252200,42,0.0179,0.308,0.727,0.0,0.417,-4.815,0.0475,150.059,4
3Y1LjVuLvMjpgK0Np6osZ9,Fatal Love,Crownless EP,Gem & Tauri,2023-05-04,224531,31,0.00464,0.714,0.762,0.00516,0.18,-8.012,0.042,123.962,4
31DvtPtr9azpLID1Kc8cEO,Slow Motion (feat. Rikki),Slow Motion (feat. Rikki),Far Out,2022-09-23,236000,37,0.0268,0.401,0.555,3.57e-05,0.115,-7.731,0.0519,89.468,4
4TIkSdsNSfqpuq6ZYvCjAz,All You Need To Know (feat. Calle Lehmann),Gravity,Gryffin,2019-10-24,238337,61,0.00699,0.53,0.729,0.0,0.103,-6.019,0.0376,139.929,4
4n38mzJeXeCPQpXS9hMsGG,Breathe Again,Breathe Again,Man Cub,2018-11-02,211300,50,0.0508,0.489,0.825,0.0883,0.221,-4.179,0.0411,150.027,4
6IhHyxeOqS6LKgP2Lawj55,Call On Me (feat. Vancouver Sleep Clinic),Call On Me (feat. Vancouver Sleep Clinic),Seven Lions,2022-09-02,293122,46,0.0794,0.323,0.695,0.0,0.122,-5.507,0.0447,145.738,4
0pFG7CCENzDUWQB3l5ZFxl,Remember (Last Heroes Remix),Between Broken (Remixes),Dabin,2022-07-22,208000,28,0.064,0.535,0.704,1.26e-05,0.0549,-6.304,0.0621,150.11,4
7dUeGRu9gaXSjkjKO4I8F3,Take You Home (feat. Dia Frampton),Take You Home (feat. Dia Frampton),Jason Ross,2022-06-17,218322,43,0.595,0.505,0.73,8.03e-06,0.104,-4.907,0.0539,155.004,4
5ZQMiwA8y8BEslhMmtLxLv,Ocean (feat. Jonathan Mendelsohn),Ocean,Seven Lions,2018-03-30,225675,50,0.0685,0.499,0.791,1.89e-05,0.138,-3.735,0.0539,99.943,4
0XdmzOmGiPoNEfNK4BslVo,Lights Out,Lights Out,Blanke,2022-02-11,233925,36,0.117,0.553,0.756,0.0,0.362,-2.567,0.0486,130.044,4
2yg53XBaQDtIk6hYT2VFSD,Broken,Broken,William Black,2021-09-17,228705,54,0.0265,0.49,0.828,0.0,0.149,-4.374,0.0379,170.049,4
1Tye6LTBg8tGv67jygbg6n,It's All You,Together EP,MitiS,2022-10-07,196000,37,0.535,0.442,0.6,0.0,0.127,-5.845,0.0306,150.184,4
6KjTXwntv8paBCL3El9TnV,Sahara Love - Seven Lions Remix,Sahara Love,Above & Beyond,2019-03-08,322892,40,0.0416,0.224,0.66,4.17e-05,0.079,-5.631,0.0397,143.016,4
2ktaGvlb0uE3tUQXy2oXoo,Scared,Scared,SABAI,2021-08-20,170000,59,0.00604,0.712,0.798,5.32e-06,0.111,-4.635,0.0392,125.942,4
6KddlPfPQ0L8MyffEpo63p,Water (feat. ZOHARA),Water (feat. ZOHARA),KREAM,2020-10-23,192838,58,0.0129,0.567,0.738,7.27e-05,0.207,-6.03,0.154,121.936,4
5k1uIPpsHmnbWFr4nbpdYb,Up All Night (feat. Afrojack),Up All Night (feat. Afrojack),VINAI,2020-10-09,160906,61,0.0426,0.637,0.868,2.12e-05,0.288,-4.921,0.0555,100.048,4
5H1tp2k7Ck2KPBE8t4zOO1,Still Love You,Still Love You,Dallerium,2019-11-08,178793,51,0.0187,0.721,0.854,0.369,0.252,-6.74,0.0392,124.019,4
7opTGnWVJcm1e5mWWOldpg,F2020,F2020,Avenue Beat,2020-08-14,181851,47,0.587,0.702,0.597,3.62e-06,0.112,-7.067,0.207,85.016,4
3mof6Z6vz6gonsuIEQXank,Limelight (NGHTMRE Remix),Limelight (NGHTMRE Remix),Just A Gent,2015-10-12,254896,56,0.0579,0.574,0.576,0.00147,0.208,-8.267,0.0446,145.094,4
4BrYTZfpZzeNAGbJ7kh2Z0,State of Wonder,State of Wonder,inverness,2021-01-15,196748,45,0.323,0.667,0.671,0.0,0.182,-5.656,0.0612,81.504,4
2Ttxl0QIwfjFpJ9o8itFCT,Let You Go,Let You Go,yetep,2021-01-06,203520,32,0.229,0.547,0.579,0.0,0.118,-5.835,0.0306,125.055,4
2kSkbeYzbvNU4QnWSKBOah,Used To - BEAUZ Remix,Remixes,Sandro Cavazza,2017-03-03,174193,43,0.145,0.492,0.797,0.0,0.14,-3.92,0.0917,123.734,4
2eZa3hJ7ClZ2c9EUq4Ikwz,SexyBack,SexyBack,DMNDS,2020-07-10,152058,53,0.0566,0.766,0.872,0.0829,0.0894,-3.853,0.0602,125.01,4
20WcuVfTh0QFkIsJUncdON,Tokyo Drift,Tokyo Drift,KVSH,2017-03-13,222857,3,0.053,0.844,0.767,1.53e-05,0.166,-4.851,0.0461,125.989,4
3dTmgecC7MCMbteWjf8Ls7,Can't Get Over You,Can't Get Over You,KVSH,2019-07-12,142439,59,0.013,0.715,0.795,2.27e-05,0.0917,-4.619,0.0354,123.001,4
7GiozRoMk95aFl1WbrDdjX,Nobody,Nobody,NOTD,2020-10-30,143952,59,0.0166,0.818,0.773,7.64e-06,0.377,-5.714,0.0579,122.016,4
4j1fFJvUcQxMrLEMBHV9NQ,So Sick (feat. blackbear) [Martin Jensen Remix],So Sick (feat. blackbear) [Martin Jensen Remix],Kiiara,2020-11-13,165491,43,0.121,0.803,0.491,9.69e-06,0.0689,-7.196,0.0821,121.984,4
2u4wau7fhAHSCMedjS3VDY,Like Gold,Like Gold (feat. Stephen Puth),Loud Luxury,2020-10-30,176388,56,0.0699,0.759,0.845,8.65e-05,0.215,-6.794,0.0421,124.0,4
68UW3plyDDNg1dkNIZRezJ,Tinted Eyes (feat. blackbear & 24kGoldn),Tinted Eyes (feat. blackbear & 24kGoldn),DVBBS,2020-06-05,175081,60,0.00598,0.743,0.801,2.46e-05,0.178,-4.097,0.0343,121.965,4
3bNIlJBpwgwFNnFuSjH6Uh,Hey Baby (feat. Gia Koka),Hey Baby (feat. Gia Koka),Imanbek,2020-08-28,177545,50,0.189,0.754,0.877,0.0,0.265,-4.544,0.176,122.001,4
0LV2sJDzws0khtyPJ6VD0l,Stay,Stay,TYNAN,2021-01-11,233600,33,0.0183,0.482,0.962,0.847,0.632,-2.362,0.0698,150.14,4
2OvghkMxxhszSnCszI0RvU,Believer,Believer,Fairlane,2021-01-15,199111,46,0.0543,0.69,0.875,1.2e-05,0.0894,-3.669,0.0791,135.018,4
6YB2Ivnj0SlAeJYZ3UsSb7,I Feel U,I Feel U,Yuppycult,2017-10-06,218655,22,0.365,0.805,0.392,0.0,0.197,-7.272,0.0984,99.951,4
6mb6lVLNrcUgLnEN8QnDJd,How Far I'll Go,Moana (Original Motion Picture Soundtrack/Deluxe Edition),Various Artists,2016-11-18,163386,76,0.649,0.571,0.307,0.0,0.178,-10.958,0.0499,83.72,4
3FAc7PMg2FkApOus7yWXag,Falcon,Falcon,MR.BLACK,2020-07-08,155142,31,0.00052,0.583,0.903,0.175,0.567,-3.44,0.0656,140.022,4
1W3TC8MjoPvrVbNfUxMPJQ,Let Me Go (with MKLA),Let Me Go (with MKLA),Alok,2020-08-21,149250,43,0.0076,0.743,0.908,1.55e-05,0.145,-3.46,0.0482,123.991,4
0ViTbTkg5TMufutT2sjdEo,Thinking About You,Thinking About You,Hoang,2021-01-22,219039,37,0.0234,0.458,0.579,4.08e-05,0.1,-5.921,0.0307,95.137,4
27OeeYzk6klgBh83TSvGMA,WITHOUT YOU,F*CK LOVE (SAVAGE),The Kid LAROI,2020-11-06,161384,79,0.213,0.662,0.413,0.0,0.134,-7.357,0.0299,93.005,4
7lPN2DXiMsVn7XUKtOW1CS,drivers license,drivers license,Olivia Rodrigo,2021-01-08,242013,88,0.721,0.585,0.436,1.31e-05,0.105,-8.761,0.0601,143.874,4
4Js1cgSrcGiTNCEwUOFhvv,H E X,Certain Kind of Magic,Rezz,2018-08-03,207768,46,0.00863,0.522,0.924,0.542,0.0372,-4.835,0.0459,180.098,4
4bmvfx88H75CcEE0mKXD3q,Life & Death,Certain Kind of Magic,Rezz,2018-08-03,189142,45,0.0407,0.753,0.527,0.0149,0.102,-5.411,0.219,104.997,4
0UU98KhDayXXXaP7y9ud7M,Magic,Magic,Highlnd,2020-11-27,218571,31,0.143,0.385,0.651,0.00498,0.0607,-8.361,0.15,84.223,4
6kjSIZlRDnYVmu3xkSKhMz,No Rest,No Rest,Vicetone,2021-01-22,209298,38,0.295,0.626,0.76,0.0,0.0575,-3.352,0.0327,122.984,4
00dgIIOGchYpOS7BaYcFu9,lights,lights,elijah woods,2021-01-15,174817,48,0.122,0.544,0.47,0.0,0.0604,-8.013,0.307,96.068,4
07ImPoPqKNwqucuPEZooBj,"Anywhere (feat. shYbeast, PLYA)","Anywhere (feat. shYbeast, PLYA)",SLANDER,2021-02-05,287600,51,0.00672,0.383,0.843,0.0,0.176,-6.438,0.0656,149.978,4
7pxRBbUWBcVoTWi3MiFl6V,Last Summer,Last Summer,Tokyo Machine,2021-02-05,172551,54,0.261,0.641,0.915,0.0,0.219,-3.543,0.0328,144.953,4
68atSZYNfc9ar2xugNxZlO,Phenomenon,Faceless,Unknown Brain,2020-11-27,176100,57,0.0118,0.696,0.88,0.000724,0.321,-5.133,0.0989,99.981,4
63bWXWGcWnRQvdS8bJWdkB,Love Again (feat. Alida),Love Again (feat. Alida),Alok,2021-02-05,147401,68,0.0534,0.636,0.822,1.99e-05,0.121,-4.321,0.0507,127.225,4
6b3b7lILUJqXcp6w9wNQSm,Cheap Thrills (feat. Sean Paul),Cheap Thrills (feat. Sean Paul),Sia,2016-02-11,224813,70,0.0561,0.592,0.8,2.01e-06,0.0775,-4.931,0.215,89.972,4
2gKj79uMdS77EodTr2jygu,Butterflies - Acoustic,Butterflies (Acoustic),William Black,2021-02-12,203586,25,0.922,0.417,0.0815,0.0,0.113,-18.118,0.0404,104.266,3
31Q5hg78Llj8UflxQRP3TJ,Brand New (feat. Louise CS),Brand New,Blinded Hearts,2018-01-26,163764,26,0.0552,0.613,0.686,0.00101,0.0839,-6.796,0.0569,169.939,4
3shPY41rwM7O9BGhxNWgE4,All You Need To Know (feat. Calle Lehmann) - Acoustic,All You Need To Know (feat. Calle Lehmann) [Acoustic],Gryffin,2019-10-16,226723,44,0.359,0.627,0.562,1.22e-06,0.108,-6.199,0.0265,125.931,4
50v0Mz0cnt4FY0LFPi5SGV,Bang Bang,Bang Bang,Fedde Le Grand,2021-01-22,143533,47,0.0288,0.764,0.652,0.0229,0.0937,-5.67,0.0549,102.985,4
0d2F9wcykuZ1QzDMcI0Mf0,Miles To Go,Miles To Go,Kaskade,2021-03-05,198203,52,0.0363,0.775,0.735,0.131,0.103,-5.585,0.0369,125.025,4
035BStxZld3ozI0gvUIPFL,I Need Ya,I Need Ya,SABAI,2021-03-09,218765,42,0.13,0.615,0.623,0.0,0.0527,-7.067,0.0749,120.119,4
46lyJh9GYmWsHez3EsvmAx,Rise Up (feat. Vamero),Rise Up (feat. Vamero),VINAI,2020-05-01,182000,72,0.011,0.648,0.927,0.0,0.162,-3.633,0.049,126.037,4
6h5PAsRni4IRlxWr6uDPTP,More Than You Know,More Than You Know,Axwell /\ Ingrosso,2017-07-28,203000,83,0.0275,0.646,0.741,0.0,0.312,-4.973,0.034,123.077,4
6LenHYjcBE6qgdMWzaRv6e,Hurt (feat. Zack Gray),Hurt (feat. Zack Gray),MitiS,2021-03-12,250000,32,0.135,0.494,0.713,2.82e-05,0.124,-5.023,0.0345,149.976,4
2seLlSLvPF5fhv5WSZ2r0p,Let You Know,Let You Know,Madison Mars,2020-05-15,177547,26,0.0888,0.628,0.886,0.0,0.0916,-2.436,0.212,125.969,4
49PgWU6oGZPHbBv3Q2kwMZ,One Sided (feat. Mark Klaver),One Sided (feat. Mark Klaver),ARMNHMR,2021-03-19,233357,35,0.162,0.494,0.755,0.0,0.107,-4.236,0.0329,140.019,4
0bGH7ezs7WdDwpqnsvGf1z,Purple Hat,Purple Hat,Sofi Tukker,2019-09-06,178369,71,0.331,0.777,0.744,0.0073,0.088,-7.42,0.204,94.019,4
3RLshk3cDQOqWhSIRCVaXL,la di die (feat. jxdn),la di die (feat. jxdn),Nessa Barrett,2021-02-19,195191,69,0.0036,0.484,0.643,0.0,0.243,-4.72,0.0416,163.97,4
4q32qWPFLaYXOuhRlMtIvD,YUCK!,YUCK!,Sloane,2023-06-02,193931,27,0.144,0.868,0.459,1.43e-05,0.0833,-5.763,0.0772,124.989,4
3Fv8vBK75IhXgIyFWeoSkP,Warrior,GODLY,GLAIR,2023-05-01,100334,7,0.00781,0.83,0.634,0.000687,0.0643,-6.031,0.19,157.026,4
6xdxUfp8k5leXmzHKcb9nC,Don't Worry Baby,Don't Worry Baby,Cat Rian,2020-07-17,279264,3,0.263,0.623,0.287,4.77e-05,0.133,-14.085,0.04,172.155,4
6RF6n12NpSthr0IaS401Ih,Karma,GODLY,GLAIR,2023-05-01,222591,6,0.109,0.576,0.501,0.0,0.116,-9.514,0.305,97.007,3
5YSdh2FgZkYLrhlYOCEa9u,Gauzz,Gauzz,TANVI,2023-03-15,144733,6,0.00889,0.659,0.912,0.228,0.201,-4.868,0.138,139.991,4
4jiMKIE0NkhM0og1pGWuWC,A Million Stars,A Million Stars,Alan Fullmer,2020-09-11,229500,12,0.0291,0.466,0.703,0.0134,0.19,-6.464,0.0266,159.959,4
1bE9h3xD1lwkXz56TAVoA7,All My Friends Are Gold,ALL MY FRIENDS ARE GOLD,Eli Feier,2022-09-17,164505,4,0.598,0.724,0.422,0.00138,0.425,-12.448,0.0476,95.953,4
2gaUrbTYKpf0iZQ9p9n80d,Faith Over Fear,FAITH OVER FEAR,Eli Feier,2022-11-17,184629,4,0.459,0.738,0.46,0.000259,0.283,-9.302,0.241,116.988,4
1c7fbyfZGF1kt4qfLwGozt,There Are Things,There Are Things,Traitti,2022-11-24,117685,4,0.374,0.542,0.575,0.0,0.149,-12.333,0.0578,139.551,3
1A4PTZXoLtqRlN9Z5UG2kr,Laughter N Love,Laughter N Love,Eli Feier,2023-01-01,219474,8,0.601,0.707,0.354,5.47e-05,0.111,-12.071,0.0333,106.131,3
4XQlBxx3BHgZi55GaKtsqP,Faded,Culture.Y,FH,2021-07-22,196666,4,0.172,0.722,0.614,0.0,0.114,-8.1,0.0526,144.041,4
4szuJrw6lJ2M6lmVcdFFL9,21 Real Talk,Culture.Y,FH,2021-07-22,194838,7,0.00413,0.879,0.694,0.0149,0.0695,-5.25,0.0677,81.003,4
0U8PhbPsmys3W1i4mcitVY,Lonely Like The Moon,Lonely Like The Moon,FH,2019-04-14,228112,3,0.181,0.803,0.655,3.51e-06,0.218,-6.188,0.284,143.941,4
3hjCUYBBJUCB9nyBNRIVj8,The Love Intro,Sleepy Soldier,Tanna Leone,2022-04-28,98005,38,0.0144,0.537,0.451,0.0186,0.112,-5.847,0.0782,143.431,4
1JNjMKwUd25wVUVhuCAMmJ,Songbird,Songbird,Cat Rian,2020-10-07,231826,2,0.872,0.442,0.164,0.000464,0.0918,-17.353,0.0313,99.772,4
4nkXSFKij1GCWxTpkVfHcD,Gentle Love,Gentle Love,Wes Fry,2022-03-18,255534,4,0.513,0.463,0.495,0.00101,0.114,-13.11,0.046,81.587,4
3GiaIAmL44h3ypC07U4cWu,You Don't Love Me,You Don't Love Me,Kevin Martin,2022-02-25,232000,1,0.666,0.537,0.295,0.0275,0.121,-12.989,0.0316,119.909,4
3MKq33IYrvTVOxjtgPJZI3,Energy,Energy,Trish,2022-01-21,196162,6,0.251,0.563,0.454,7.43e-05,0.145,-12.818,0.213,180.194,4
1hw43ZoKitkFcaJ059UthQ,The Mill,Anti-World II,Sybyr,2021-06-11,154838,37,0.00477,0.783,0.818,0.00263,0.132,-4.599,0.0524,124.018,4
4BTMXyGcFhAcERulxXQiwe,Darker Than Lit,Darker Than Lit,Sybyr,2019-10-30,133565,52,0.333,0.876,0.43,0.00015,0.117,-8.098,0.0603,115.031,4
33YrstywpH7Ru54lOqG2Of,Back and Forth,GLAIRIFICATION,GLAIR,2021-04-12,92571,2,0.827,0.804,0.325,0.000141,0.11,-8.594,0.0743,104.945,4
1t3hLzPZV1BBl9BoQXPHVg,I Like Being,Anti-World,Sybyr,2016-03-11,196218,49,0.0364,0.759,0.384,3.43e-05,0.182,-10.291,0.0338,114.993,4
6DEd83JNaUqX48it7lr8Tb,Spring to Come,We Are,Digging Roots,2009-06-09,187480,24,0.0658,0.595,0.436,0.0,0.0701,-8.759,0.0497,141.917,4
0qcwQqL03oPXb1k9A4imyA,No Wonder,No Wonder,Eli Feier,2021-11-17,148395,2,0.472,0.693,0.358,0.00751,0.155,-13.224,0.318,79.981,4
1NkdoERbj6QzO7XUr4RMPk,Fvck Dat,Square Bizness,Jabb,2020-01-10,153335,36,0.13,0.784,0.644,0.0,0.559,-9.003,0.0877,155.07,4
3PaVXrqowEElVspUvcu5K1,It Had to Be Me,Dead Weight,Danny Ritz,2021-07-09,240065,2,0.289,0.501,0.24,0.0,0.115,-15.664,0.0336,118.039,4
0ql8B6DqgMhPKmeTY72v2l,Denial,Hence the Heart,Danny Ritz,2020-07-31,147114,1,0.985,0.525,0.177,0.0109,0.101,-20.43,0.0422,89.937,4
5ltFvTz58ErvNV2HB45iZ8,WEEKEND!,BEHIND THE CURTAIN,VII,2020-10-31,167219,1,0.178,0.648,0.574,0.000301,0.212,-5.61,0.0493,76.439,4
0lUc3G4uNX4KOQG9N3Uuwt,All Alone,All Alone,Sriv,2020-02-27,231888,2,0.308,0.873,0.649,0.00382,0.0962,-3.788,0.0451,118.032,4
1yxjaC8bqy31Cs7BrwCKz0,Cut My Hair,Cut My Hair,Digging Roots,2021-09-23,295440,12,0.0127,0.4,0.728,0.00116,0.251,-6.289,0.0752,133.683,4
2DzeiTzoepS5zf0myVGHDo,Then We Get Nast(y),Latex Shawdy,Sybyr,2019-04-26,224000,43,0.127,0.722,0.97,0.000506,0.107,-3.061,0.036,119.976,4
7eZRHTc0f8d1nSrQsa6aeg,Just the Tip,Sybyr's Single Compilation,Sybyr,2018-09-30,154514,41,0.214,0.638,0.605,0.00741,0.118,-4.743,0.1,86.975,4
3lby9WUYtcnUoM891wk8gx,22clan,22clan,Barkaa,2020-06-26,167995,32,0.198,0.672,0.872,0.0,0.154,-3.192,0.325,170.001,4
3bSUZTSturrt2CkcyyWO3a,Blak Matriarchy,Blak Matriarchy,Barkaa,2021-12-03,184444,34,0.0357,0.768,0.642,0.0,0.0866,-6.337,0.31,114.993,4
7twV5ThJMPgvKLzND6Z6iy,3AM IN EVERGREEN (interlude),3AM IN EVERGREEN (interlude),GLAIR,2020-10-31,144286,2,0.398,0.753,0.311,7.69e-05,0.111,-13.141,0.0737,107.015,4
2ASxCZrb5FAlDCYSyWq2wk,All My Friends Are Gold,FAITH OVER FEAR,Eli Feier,2022-11-17,164505,1,0.598,0.724,0.422,0.00138,0.425,-12.448,0.0476,95.953,4
3422VbxcorPuifTm8kvNrM,No Wonder,FAITH OVER FEAR,Eli Feier,2022-11-17,148395,2,0.472,0.693,0.358,0.00751,0.155,-13.224,0.318,79.981,4
1uMuIbJ9nbkDmoEkJWleNL,Assimilate,GODLY,GLAIR,2023-05-01,112300,11,0.0111,0.86,0.471,0.0,0.118,-6.047,0.222,140.074,4
3RVFD4mvwC3Ouwvs3kVoT9,Who's He?,GODLY,GLAIR,2023-05-01,133641,5,0.359,0.791,0.67,0.0,0.161,-8.712,0.0536,115.024,4
7u0UnKqFPVSwaaKovlsZUw,look!,look!,GLAIR,2020-07-14,183034,5,0.118,0.753,0.555,7.42e-06,0.165,-10.269,0.137,79.507,4
3r9Cxh3C8aYaph5D8lT4cW,ORANGES,ORANGES,Jaron,2023-05-09,123272,50,0.368,0.53,0.77,3.84e-05,0.184,-3.377,0.173,110.297,4
3Gyk1QfuK1318hUsCMttjM,Heart On Fire,Heart On Fire,ShockOne,2023-03-30,230400,49,6.03e-05,0.41,0.919,0.00724,0.398,-2.89,0.0396,175.015,4
1hZk9dktp4yRFTm0TrycuH,If I Lose Myself - Alesso vs OneRepublic,Native,OneRepublic,2014-01-01,214813,64,0.219,0.523,0.782,1.03e-05,0.133,-4.846,0.041,125.998,4
6SKkN6yuQFnzMEHMQR3sWw,A Little More (feat. Sansa),Automatic,Kaskade,2015-09-25,233400,42,0.00772,0.425,0.742,0.00077,0.112,-5.098,0.0386,127.978,4
0CTHeAlrXixC49Z7xKJEmX,Just For A Moment (feat. Iselin) - Myon 'Summer of Love' Remix,Gravity Pt. 1 (Remixes),Gryffin,2019-03-01,232500,34,0.0151,0.484,0.756,0.0,0.315,-5.187,0.0756,127.973,4
7DnI3ktF2vcmzKuCCKseQL,So Much In Love,So Much In Love,D.O.D,2023-04-21,178453,71,0.0723,0.535,0.954,0.000819,0.213,-4.347,0.0802,131.93,4
5bHbUMtuZIpHtTPdoJmcaN,Need To Feel Loved - Tinlicker Remix,Anjunabeats Volume 14,Above & Beyond,2019-05-31,308053,54,0.00103,0.513,0.903,0.872,0.406,-7.53,0.0414,124.657,4
1HEAdiEtqfNwRiWLBflKgn,The One,The One,Ross from Friends,2023-04-12,301838,51,0.000603,0.725,0.806,0.732,0.0574,-7.228,0.0638,131.069,4
4WUYv43gJtAAIaeSBml8ow,Feels Like My Hands Are On Fire,Shield,salute,2023-05-05,208482,49,0.318,0.75,0.662,0.382,0.0879,-15.94,0.0753,133.032,4
3c659nYaGGayYidMISUo4z,Power,Power,Taska Black,2023-05-05,143043,48,0.0265,0.628,0.654,0.000229,0.316,-7.532,0.041,137.934,4
1JxBGu7qTwjGdog2CQhY7d,David Blaine,David Blaine,Louis Futon,2023-05-05,197468,36,0.379,0.691,0.839,0.0,0.104,-4.392,0.146,79.012,4
37ouI56S9L2R8ASWeyAMG7,SNAKE EYES,SNAKE EYES,Aries,2023-05-05,130369,70,0.019,0.583,0.721,0.0,0.0496,-5.122,0.0743,161.983,4
10yGK9L3lAjcBh4HniEzfq,crashed,crashed,Jades,2022-04-22,148307,46,0.00299,0.533,0.649,0.0,0.0934,-7.246,0.24,181.839,4
4XE1StBll9KcNa8nHa3nXG,Rebuke,Rebuke,KAYTRAMINÉ,2023-05-15,118436,64,0.18,0.545,0.588,0.0,0.127,-7.313,0.101,86.822,4
1dHJETCn2X1R1YwVlMvSza,Wanna Get To Know You,Beg For Mercy,G-Unit,2003-01-01,265026,65,0.106,0.513,0.826,0.0,0.0675,-3.651,0.132,76.91,1
2zbZZHD4d7jjci7vNEZFKI,Armed & Dangerous (feat. Armani Caesar),KISS THE RING,Rome Streetz,2022-09-30,223058,45,0.822,0.349,0.559,0.0,0.113,-8.372,0.0925,74.927,4
3zEN0ii6s4DHHBpnTp3RP7,We Are The People,Walking On A Dream (10th Anniversary Edition),Empire of the Sun,2008-10-03,267373,74,0.0801,0.675,0.781,0.0143,0.422,-5.404,0.0306,122.989,4
1loLmHjhQopsc1yP075iGF,Shine On Us,Shine On Us,Mont Duamel,2023-05-18,124827,30,0.672,0.415,0.585,0.558,0.247,-6.139,0.0904,85.881,4
5k9BcVWNFpsU35Ojv7LjGQ,Dying in the Subtlety,Dying in the Subtlety,Cautious Clay,2020-11-18,139300,41,0.00256,0.721,0.559,5.08e-05,0.223,-8.152,0.0309,91.015,4
2FUU8kXhJNndeJWABUVvdx,NYC Tapwater,Maps,billy woods,2023-05-05,188256,46,0.559,0.507,0.64,0.0,0.131,-9.544,0.227,117.484,4
2ZWIhM4Y1gDlU51bu8e7NI,L/D,Nerve,FELIVAND,2020-10-16,94643,22,0.621,0.502,0.46,0.031,0.146,-9.943,0.139,155.043,4
2cYJkpJHddTlZvouIQxgtP,Nothing Really Matters (interlude),Expectations (Deluxe),Taska Black,2023-03-31,84375,51,0.865,0.496,0.299,0.947,0.0703,-10.216,0.0283,128.067,4
